Id, AvgValence, AvgArousal, AvgDominance
mt0000008995, 2.01265376344086, 1.7142526881720432, 1.4193548387096777, 
mt0000022649, 1.9768055555555561, 1.799297222222223, 1.5722222222222226, 
mt0000024499, 1.939983516483517, 1.7606060439560443, 1.676923076923075, 
mt0000026571, 1.9044626506024105, 1.6647084337349398, 1.604819277108434, 
mt0000027422, 1.8350102564102564, 1.673290384615385, 1.6576923076923076, 
mt0000030834, 1.90842875, 1.7642412499999995, 1.6650000000000003, 
mt0000031210, 2.0358373493975903, 1.801621686746988, 1.7734939759036146, 
mt0000040773, 1.8571012658227852, 1.6878354430379758, 1.6050632911392393, 
mt0000042939, 1.8346862500000007, 1.7226256250000003, 1.7762499999999988, 
mt0000043184, 1.9451570754716996, 1.757068867924527, 1.4811320754716972, 
mt0000045773, 2.0164232323232327, 1.7553242424242437, 1.7131313131313124, 
mt0000048600, 1.968138666666667, 1.6295080000000004, 1.8866666666666674, 
mt0000052463, 1.875656262425447, 1.699701590457256, 1.5105367793240556, 
mt0000053935, 2.047015104166667, 1.6328578125000004, 1.4572916666666649, 
mt0000054766, 1.8947834224598934, 1.7499251336898387, 1.5529411764705876, 
mt0000059269, 1.9703009900990098, 1.7189554455445544, 1.8554455445544553, 
mt0000063684, 1.8804205607476638, 1.677971028037383, 1.8205607476635501, 
mt0000067251, 1.80930705882353, 1.6424570588235292, 1.6552941176470577, 
mt0000079102, 2.055336470588236, 1.8184835294117643, 1.5811764705882354, 
mt0000081255, 1.9184688461538468, 1.7301653846153833, 1.6999999999999988, 
mt0000082188, 1.919004687499999, 1.7451578125000005, 1.7687499999999998, 
mt0000086428, 1.884459259259259, 1.6782748148148157, 1.6103703703703702, 
mt0000090550, 1.8031306666666667, 1.6283999999999998, 1.544, 
mt0000091401, 1.9282631205673764, 1.696634042553192, 1.7687943262411339, 
mt0000091781, 1.9660640000000005, 1.775942666666667, 1.6986666666666672, 
mt0000092637, 1.9655923913043483, 1.589872826086957, 1.5282608695652176, 
mt0000095414, 1.8490039215686274, 1.5874980392156857, 1.584313725490195, 
mt0000103049, 2.032758426966292, 1.6395707865168545, 1.5955056179775275, 
mt0000103874, 1.9915609090909085, 1.7241750000000002, 1.5199999999999987, 
mt0000105492, 2.013929565217392, 1.7760660869565221, 1.7339130434782606, 
mt0000106285, 2.0057700000000005, 1.6734008333333328, 1.5266666666666664, 
mt0000111068, 2.0106885350318486, 1.712364968152867, 1.7961783439490442, 
mt0000114645, 2.3376685314685313, 2.015848951048951, 1.573426573426574, 
mt0000119701, 1.9604160714285712, 1.6907892857142854, 1.4321428571428572, 
mt0000119987, 1.938735930735932, 1.6512203463203459, 1.603463203463203, 
mt0000124779, 1.9463416000000002, 1.7952656000000002, 1.945599999999998, 
mt0000128573, 1.8819972477064228, 1.554551376146789, 1.6788990825688073, 
mt0000130807, 1.7505178861788626, 1.62150162601626, 1.5300813008130074, 
mt0000139242, 1.896515441176472, 1.739836764705883, 1.6720588235294112, 
mt0000143859, 1.826935211267605, 1.7048000000000003, 1.5154929577464786, 
mt0000144424, 1.738130681818182, 1.58424090909091, 1.643181818181818, 
mt0000145509, 1.8749510869565205, 1.7875543478260858, 1.7097826086956516, 
mt0000146284, 1.930129347826087, 1.6632684782608695, 1.3782608695652179, 
mt0000147647, 1.8497588339222637, 1.6704607773851572, 1.7512367491166085, 
mt0000151451, 1.9143575471698113, 1.6222405660377355, 1.4981132075471701, 
mt0000151529, 1.7941077294685992, 1.6622657004830907, 1.6222222222222207, 
mt0000153361, 1.8361519801980208, 1.695695049504951, 1.7237623762376237, 
mt0000156763, 2.117292307692307, 1.8071230769230766, 1.7333333333333332, 
mt0000162219, 1.8590802197802208, 1.6846104395604407, 1.773626373626374, 
mt0000164441, 1.9702122222222218, 1.8424200000000004, 1.822222222222222, 
mt0000171421, 2.221960810810811, 1.9664932432432425, 1.451351351351352, 
mt0000171852, 1.8644375000000004, 1.6746482142857144, 1.3357142857142854, 
mt0000175597, 1.903962777777778, 1.6660416666666658, 1.7433333333333327, 
mt0000185453, 1.9457611111111104, 1.6750648148148148, 1.4481481481481482, 
mt0000185601, 1.8843823045267476, 1.6458053497942382, 1.587654320987653, 
mt0000186467, 1.7720405940594066, 1.6285069306930695, 1.356435643564357, 
mt0000191766, 1.859131818181818, 1.7162090909090908, 1.718181818181818, 
mt0000192982, 1.8474746153846155, 1.6150353846153847, 1.6907692307692304, 
mt0000195705, 1.9922990384615387, 1.8007576923076924, 1.659615384615385, 
mt0000214287, 1.9452823529411767, 1.694023529411765, 1.6776470588235293, 
mt0000225806, 1.9632955882352936, 1.766726470588235, 1.4764705882352946, 
mt0000239675, 1.9089999999999998, 1.6400897435897435, 1.6256410256410254, 
mt0000245808, 2.013162013729974, 1.747698627002286, 1.5995423340961101, 
mt0000251287, 2.0367724137931043, 1.6920059113300503, 1.6463054187192105, 
mt0000252574, 1.8820831932773108, 1.7014436974789913, 1.517647058823528, 
mt0000259235, 1.8996631999999996, 1.6786304, 1.646399999999999, 
mt0000265621, 1.935110169491525, 1.7025338983050848, 1.7457627118644072, 
mt0000268576, 1.838298148148147, 1.6418913580246914, 1.7567901234567893, 
mt0000268701, 1.9792105263157902, 1.6863701754385965, 1.7333333333333336, 
mt0000273374, 2.0239847457627116, 1.8089110169491531, 1.5491525423728807, 
mt0000273430, 1.8753554216867465, 1.6389168674698795, 1.412048192771085, 
mt0000277633, 1.8569927659574461, 1.6895672340425527, 1.5931914893617019, 
mt0000283644, 1.8788409574468086, 1.6729244680851072, 1.6265957446808499, 
mt0000293345, 1.94831686746988, 1.6764156626506028, 1.6698795180722894, 
mt0000310204, 2.123485714285716, 1.7529008928571437, 1.4749999999999999, 
mt0000315363, 1.9158477987421392, 1.763964150943397, 1.7496855345911941, 
mt0000316110, 1.9357453333333334, 1.72736, 1.5386666666666668, 
mt0000318206, 1.795575789473684, 1.6778705263157896, 1.4757894736842094, 
mt0000320757, 1.8052416666666669, 1.6444324074074084, 1.47037037037037, 
mt0000325093, 1.9400374999999992, 1.6453293269230755, 1.5692307692307688, 
mt0000326433, 1.9613601265822778, 1.692578481012658, 1.4848101265822786, 
mt0000330045, 1.9221312195121953, 1.6475712195121945, 1.7424390243902426, 
mt0000345937, 1.9344302949061665, 1.747443431635388, 1.5447721179624638, 
mt0000353361, 1.8629701298701302, 1.68513051948052, 1.6337662337662335, 
mt0000361419, 2.001594285714286, 1.6358514285714283, 1.497142857142857, 
mt0000371043, 1.8329042168674705, 1.7583927710843368, 1.6590361445783117, 
mt0000380971, 1.8836528301886797, 1.6404084905660379, 1.4830188679245284, 
mt0000391566, 1.7889115384615395, 1.6525314102564097, 1.5641025641025634, 
mt0000398595, 1.845488235294118, 1.6855932773109243, 1.4941176470588233, 
mt0000402499, 1.7737324503311254, 1.7541390728476824, 1.6543046357615883, 
mt0000409764, 1.8497395604395601, 1.5737373626373625, 1.4791208791208796, 
mt0000409922, 1.9978066666666667, 1.7644016666666666, 1.6366666666666674, 
mt0000412380, 1.8559857843137273, 1.6992514705882342, 1.6643790849673255, 
mt0000421504, 1.9849989247311837, 1.733086021505377, 1.8279569892473118, 
mt0000425270, 1.8569801354401811, 1.663667720090293, 1.5336343115124147, 
mt0000431226, 1.9249154285714283, 1.7241959999999992, 1.6171428571428565, 
mt0000436815, 1.8819659459459464, 1.7188151351351342, 1.6486486486486474, 
mt0000447539, 1.9291653061224492, 1.78321224489796, 1.6163265306122456, 
mt0000449429, 1.9978607287449388, 1.694027935222672, 1.472064777327934, 
mt0000463371, 1.7837809160305353, 1.7298137404580158, 1.7022900763358784, 
mt0000464234, 1.8270900277008317, 1.6454401662049847, 1.5379501385041545, 
mt0000475876, 1.9033250000000008, 1.6705072674418577, 1.647674418604651, 
mt0000489470, 1.9243275280898886, 1.6060938202247195, 1.5011235955056172, 
mt0000495842, 1.9316221374045817, 1.7068488549618321, 1.5969465648854946, 
mt0000502143, 1.7620281553398056, 1.7474262135922334, 1.6932038834951455, 
mt0000515256, 1.914555974842768, 1.684947169811321, 1.5962264150943388, 
mt0000518591, 1.9266907608695656, 1.714785869565216, 1.503260869565217, 
mt0000526302, 1.8708163398692816, 1.7959065359477133, 1.5738562091503248, 
mt0000526867, 1.8277630303030312, 1.6723096969696971, 1.6969696969696957, 
mt0000530706, 1.8770976562500006, 1.6051101562500005, 2.1187499999999995, 
mt0000552259, 1.8362767676767668, 1.7240717171717177, 1.3494949494949495, 
mt0000553622, 1.8378881720430107, 1.691961290322581, 1.6322580645161286, 
mt0000564376, 1.972380952380954, 1.751293197278912, 1.6054421768707476, 
mt0000566230, 1.8424323404255314, 1.657000851063829, 1.5659574468085105, 
mt0000567692, 1.7515593333333337, 1.653876666666666, 1.7199999999999995, 
mt0000570966, 1.962975942028986, 1.760866086956519, 1.4724637681159392, 
mt0000580738, 1.948477310924369, 1.825158823529411, 1.7243697478991598, 
mt0000592222, 1.8781464788732407, 1.7148485915492955, 1.7323943661971828, 
mt0000599398, 1.8900628571428584, 1.6591076190476193, 1.6533333333333338, 
mt0000603187, 1.7783684684684686, 1.7044612612612613, 1.5909909909909896, 
mt0000604234, 1.9060333333333326, 1.7335205128205131, 1.697435897435897, 
mt0000606812, 1.9663429319371732, 1.719825130890052, 1.5570680628272244, 
mt0000630628, 1.8633569444444449, 1.6797444444444445, 1.574999999999999, 
mt0000633351, 1.902933898305085, 1.649638983050847, 1.464406779661017, 
mt0000638424, 2.0525130841121504, 1.7199925233644862, 1.6373831775700929, 
mt0000638634, 2.0136993865030672, 1.8345674846625752, 1.5496932515337423, 
mt0000643201, 1.881690797546012, 1.6089073619631904, 1.4625766871165642, 
mt0000651523, 2.0232975609756103, 1.7935115853658532, 1.8268292682926823, 
mt0000652082, 1.916054929577465, 1.6624288732394377, 1.459154929577465, 
mt0000654678, 1.9233379487179483, 1.7386492307692305, 1.704615384615384, 
mt0000666429, 1.9436504065040647, 1.7727239837398368, 1.6032520325203232, 
mt0000667625, 2.1124875000000003, 1.827950000000001, 1.5479166666666666, 
mt0000670865, 1.9529706896551742, 1.7063649425287357, 1.6873563218390792, 
mt0000685324, 1.96911530612245, 1.660289795918368, 1.4938775510204079, 
mt0000685538, 1.8775476190476188, 1.6836916666666664, 1.5738095238095238, 
mt0000688115, 1.8113723404255322, 1.757552127659575, 1.43404255319149, 
mt0000688312, 1.8428636363636364, 1.6783757575757574, 1.9757575757575752, 
mt0000689110, 1.9348989690721647, 1.6835329896907218, 1.6804123711340204, 
mt0000690637, 1.9588071713147421, 1.5894756972111537, 1.658964143426295, 
mt0000692956, 1.8307098765432097, 1.6533469135802468, 1.6839506172839502, 
mt0000704913, 2.0340458064516143, 1.7657683870967744, 1.5883870967741924, 
mt0000707663, 2.0039839694656494, 1.7399091603053436, 1.7068702290076332, 
mt0000712071, 1.8975925925925936, 1.7142985185185189, 1.511111111111111, 
mt0000714708, 1.9817822368421059, 1.7574302631578946, 1.5618421052631561, 
mt0000720686, 1.9703967032967038, 1.6778252747252749, 1.4835164835164838, 
mt0000721873, 2.1099301675977653, 1.749483798882681, 1.61899441340782, 
mt0000728975, 1.8801713043478254, 1.640717391304348, 1.596521739130435, 
mt0000734482, 1.95529, 1.7458879999999999, 1.5439999999999998, 
mt0000737846, 1.9684032727272742, 1.7142618181818168, 1.342545454545451, 
mt0000744293, 1.8783415841584157, 1.639893069306931, 1.7168316831683172, 
mt0000747666, 1.8577050387596905, 1.677677131782945, 1.4162790697674412, 
mt0000753074, 1.9481614379084977, 1.586769281045753, 1.9071895424836591, 
mt0000764914, 1.9906195876288666, 1.7167979381443308, 1.6762886597938138, 
mt0000766316, 2.0251348314606754, 1.679273595505619, 1.641573033707863, 
mt0000775053, 1.9268703703703705, 1.7457697530864205, 1.4765432098765428, 
mt0000776108, 1.8308015748031505, 1.69264094488189, 1.500787401574803, 
mt0000783307, 1.8883703296703307, 1.6719512820512812, 1.6446886446886444, 
mt0000787002, 1.8550082352941177, 1.7070299999999992, 1.752941176470588, 
mt0000789330, 1.8174326530612244, 1.7081836734693876, 1.6448979591836739, 
mt0000814289, 1.823816129032258, 1.5995919354838706, 1.590322580645162, 
mt0000824154, 1.9446948051948048, 1.8130870129870122, 1.6727272727272722, 
mt0000832464, 1.8726083756345193, 1.7385210659898498, 1.4888324873096437, 
mt0000842929, 2.104893333333333, 1.677045333333333, 1.687999999999999, 
mt0000844574, 1.9935347222222224, 1.7533995370370365, 1.559259259259258, 
mt0000847731, 1.8213985611510806, 1.6642517985611522, 1.705035971223021, 
mt0000850050, 1.9558022988505757, 1.7586591954022983, 1.5298850574712632, 
mt0000851865, 1.8540315068493152, 1.5745705479452052, 1.5958904109589036, 
mt0000853072, 1.8197845070422536, 1.6158084507042256, 1.4845070422535211, 
mt0000853209, 1.898250583657588, 1.6590649805447453, 1.6591439688715954, 
mt0000857760, 1.7217553846153852, 1.6625423076923076, 1.576923076923076, 
mt0000863232, 1.8341559523809523, 1.7012107142857151, 1.5952380952380953, 
mt0000871290, 1.9027732484076427, 1.7788267515923568, 1.5350318471337576, 
mt0000874328, 2.0828746153846183, 1.736019230769231, 1.5276923076923061, 
mt0000874482, 1.880193377483444, 1.6779860927152312, 1.6357615894039736, 
mt0000875199, 1.852378813559322, 1.7227101694915257, 1.7457627118644072, 
mt0000875520, 1.9465028368794324, 1.6085219858156028, 1.516312056737588, 
mt0000878275, 1.9085812499999992, 1.60629921875, 1.5640625, 
mt0000885988, 1.9596609929078028, 1.6953829787234058, 1.7106382978723393, 
mt0000886390, 1.9721686131386864, 1.7559153284671527, 1.5459854014598529, 
mt0000889229, 1.7654259615384627, 1.6887096153846153, 1.4923076923076921, 
mt0000895905, 1.9148847999999996, 1.669731200000001, 1.6608000000000003, 
mt0000903225, 1.8835275510204077, 1.632880612244898, 1.6938775510204083, 
mt0000905319, 1.8818546511627912, 1.6628569767441856, 1.5220930232558136, 
mt0000927561, 1.9823612903225807, 1.8276483870967737, 1.7999999999999998, 
mt0000931402, 1.8746796610169487, 1.7189118644067796, 1.7389830508474577, 
mt0000948111, 1.9742473214285723, 1.7338723214285714, 1.7571428571428567, 
mt0000950090, 1.871200000000001, 1.6742833333333336, 1.551111111111111, 
mt0000951610, 1.78639625, 1.63249375, 1.6299999999999997, 
mt0000951841, 1.8775589403973512, 1.6081536423841072, 1.5298013245033106, 
mt0000968326, 1.9042566964285716, 1.6293915178571432, 1.510714285714284, 
mt0000971800, 1.9539000000000009, 1.726330625, 1.6574999999999989, 
mt0000983092, 1.9318889534883723, 1.6640186046511631, 1.7104651162790694, 
mt0000984314, 2.0024647435897442, 1.7700782051282056, 1.588461538461537, 
mt0001020011, 2.0825600000000004, 1.734822222222222, 1.8355555555555558, 
mt0001030436, 1.9234326530612245, 1.773165306122449, 1.6408163265306124, 
mt0001032211, 1.921916304347827, 1.856351086956523, 2.0260869565217385, 
mt0001043721, 1.8490478947368418, 1.6751994736842104, 1.5473684210526313, 
mt0001062700, 1.808017283950617, 1.7062975308641977, 1.5086419753086433, 
mt0001073553, 1.870207386363636, 1.657202840909091, 1.4943181818181808, 
mt0001096019, 1.951038135593221, 1.6178042372881367, 1.4389830508474575, 
mt0001101467, 1.803075862068966, 1.6623103448275847, 1.6275862068965516, 
mt0001102610, 1.8968505263157895, 1.7369236842105258, 1.6547368421052615, 
mt0001104467, 1.8891573863636382, 1.6874153409090915, 1.56590909090909, 
mt0001106114, 1.9214211640211627, 1.6377645502645504, 1.405291005291005, 
mt0001117815, 1.99598064516129, 1.807274731182793, 1.6354838709677424, 
mt0001126926, 1.9122019230769232, 1.5360173076923072, 1.3846153846153848, 
mt0001137053, 1.939661702127659, 1.6614000000000002, 1.7021276595744683, 
mt0001141875, NaN, NaN, NaN, 
mt0001152664, 1.6528733333333336, 1.6267200000000002, 1.431111111111111, 
mt0001153847, 1.8297982558139523, 1.7770162790697688, 1.8348837209302333, 
mt0001157069, 1.9089525000000005, 1.6700481249999997, 1.7824999999999995, 
mt0001193202, 1.8349113636363645, 1.6902090909090914, 1.8204545454545453, 
mt0001194164, 1.9475234375000006, 1.68728046875, 1.482812499999999, 
mt0001202986, 2.008619375, 1.78556875, 1.4812499999999997, 
mt0001232924, 1.8356369230769227, 1.7277876923076927, 1.8553846153846156, 
mt0001236337, 1.9144664429530196, 1.728193288590605, 1.573154362416107, 
mt0001243097, 1.9262827225130885, 1.6862628272251305, 1.669109947643978, 
mt0001265984, 1.8729906542056076, 1.7562663551401867, 1.753271028037383, 
mt0001266436, 1.8624397435897435, 1.7346653846153843, 1.415384615384616, 
mt0001277283, 1.7884177570093458, 1.7134121495327108, 1.6168224299065415, 
mt0001297031, 1.9688869158878513, 1.65971121495327, 1.7046728971962612, 
mt0001298241, 1.8298212598425212, 1.800084645669291, 1.709448818897638, 
mt0001305550, 2.0023172413793104, 1.7127103448275856, 1.5999999999999999, 
mt0001321861, 1.8601820388349526, 1.7118963592233005, 1.5538834951456317, 
mt0001333821, 2.0102599999999997, 1.831039047619048, 1.8152380952380935, 
mt0001353828, 1.822433904761908, 1.6321921904761887, 1.667809523809526, 
mt0001356476, 1.9119652582159636, 1.6494666666666655, 1.616901408450703, 
mt0001356637, 2.0566358108108105, 1.7763378378378385, 1.6702702702702692, 
mt0001361436, 1.890722535211267, 1.741102816901409, 1.6929577464788734, 
mt0001369981, 1.9403350515463922, 1.6552989690721651, 1.556701030927835, 
mt0001372070, 1.9287448275862067, 1.6488586206896552, 1.5586206896551722, 
mt0001374103, 2.0086910447761204, 1.777410447761194, 1.528358208955224, 
mt0001383277, 1.909367514124296, 1.6858265536723145, 1.744632768361583, 
mt0001385947, 1.8529746031746026, 1.7750738095238086, 1.7071428571428566, 
mt0001393272, 1.8918282828282844, 1.7224333333333337, 1.6989898989898988, 
mt0001395462, 1.9063616279069784, 1.7049994186046513, 1.5616279069767436, 
mt0001397431, 1.7501693548387094, 1.6680661290322565, 1.6508064516129035, 
mt0001453285, 1.7633375, 1.78549, 1.72, 
mt0001469090, 1.8503419540229888, 1.8076068965517247, 1.736781609195401, 
mt0001473158, 1.8029115537848601, 1.671037051792827, 1.5498007968127483, 
mt0001481574, 2.0103747440273043, 1.8177378839590441, 1.6375426621160407, 
mt0001497786, 1.9833796791443863, 1.7176652406417106, 1.8823529411764703, 
mt0001509615, 1.7786015873015868, 1.5361746031746033, 1.8444444444444443, 
mt0001513785, 1.9269661971830985, 1.7176478873239438, 1.5422535211267598, 
mt0001518335, 1.9226398373983744, 1.727640650406505, 1.4585365853658534, 
mt0001522985, NaN, NaN, NaN, 
mt0001531856, 2.066362666666667, 1.75644, 1.6640000000000004, 
mt0001531906, 1.8625896551724148, 1.5607344827586207, 1.4620689655172407, 
mt0001535201, 1.9118420168067234, 1.677931092436973, 1.6344537815126046, 
mt0001566152, 1.8832958333333327, 1.7024250000000007, 1.8541666666666667, 
mt0001578777, 1.819567391304348, 1.7733847826086968, 1.8956521739130436, 
mt0001590201, 1.8304338983050847, 1.622429943502825, 1.4316384180790944, 
mt0001590894, 1.8651921874999997, 1.6478208333333324, 1.5916666666666666, 
mt0001595082, 1.8479832061068706, 1.7079175572519092, 1.7465648854961833, 
mt0001598710, 1.931355897435897, 1.7041415384615386, 1.6861538461538446, 
mt0001601720, 1.8778397394136817, 1.693130618892508, 1.4918566775244293, 
mt0001608358, 1.9812365853658533, 1.6268585365853663, 1.6504065040650402, 
mt0001608499, 1.7982811764705884, 1.70762, 1.8729411764705877, 
mt0001609043, 1.836714122137404, 1.6926912213740446, 1.576335877862594, 
mt0001610102, 1.9160580204778168, 1.7209232081911257, 1.6805460750853238, 
mt0001612417, 1.9331137614678882, 1.7098440366972465, 1.6440366972477045, 
mt0001634305, 1.8874294642857146, 1.6790999999999985, 1.6749999999999996, 
mt0001638394, 1.9186549295774653, 1.6152859154929575, 1.656338028169014, 
mt0001641165, 1.8301272727272726, 1.7071936758893276, 1.5968379446640306, 
mt0001646256, 1.924463157894737, 1.708836842105263, 1.7719298245614037, 
mt0001653728, 1.9396102564102566, 1.539510256410257, 1.512820512820512, 
mt0001658982, 1.8405031250000006, 1.5803760416666668, 1.5333333333333332, 
mt0001664577, 1.896349164677805, 1.6985837708830538, 1.6205250596658727, 
mt0001691074, 1.8141500000000004, 1.560001941747573, 1.4572815533980568, 
mt0001698737, 1.921466363636365, 1.6837572727272734, 1.5781818181818177, 
mt0001710592, 1.8916763285024156, 1.6922043478260849, 1.6521739130434783, 
mt0001722508, 1.9670096969696977, 1.6260775757575756, 1.5866666666666664, 
mt0001723180, 2.0536857142857143, 1.7082011904761905, 1.8976190476190478, 
mt0001727301, 2.0299741935483873, 1.6656670967741936, 1.5135483870967739, 
mt0001753032, 1.833766666666667, 1.6995154471544713, 1.593495934959349, 
mt0001779167, 1.995627049180328, 1.7487549180327862, 1.4672131147540979, 
mt0001802833, 2.1352975609756095, 1.9670195121951224, 1.5951219512195123, 
mt0001831803, 2.0376263888888877, 1.7343128472222202, 1.566666666666666, 
mt0001832838, 1.9392007352941174, 1.6414382352941184, 1.5132352941176468, 
mt0001839466, 1.9339449999999998, 1.6730850000000004, 1.4533333333333338, 
mt0001863823, 1.9032361445783135, 1.668886746987952, 1.4674698795180725, 
mt0001866808, 1.9596447368421066, 1.6586684210526323, 1.6175438596491223, 
mt0001879903, 1.9072511450381695, 1.7599870229007637, 1.932824427480914, 
mt0001891260, 1.887071653543307, 1.77941968503937, 1.7574803149606297, 
mt0001912537, 1.982001538461538, 1.736623076923077, 1.572307692307693, 
mt0001921677, 2.0626836363636363, 1.7647151515151516, 1.5090909090909095, 
mt0001927015, 1.7789989898989902, 1.7704969696969701, 1.5858585858585859, 
mt0001943830, 1.8693977777777777, 1.830523333333334, 1.5866666666666671, 
mt0001967655, 1.800952816901409, 1.7644246478873251, 1.7859154929577452, 
mt0001972829, 1.8539402877697837, 1.641702877697841, 1.684892086330935, 
mt0001992879, 1.7987175, 1.7500558333333334, 1.8066666666666658, 
mt0002014752, 1.9327354430379744, 1.734644303797469, 1.6278481012658224, 
mt0002024741, 1.9259437499999996, 1.7000778409090906, 1.6295454545454542, 
mt0002034238, 1.8575075313807532, 1.7688313807531388, 1.5020920502092034, 
mt0002040583, 2.049047368421054, 1.8324782894736846, 1.7565789473684195, 
mt0002060109, 1.9189147727272735, 1.7023772727272728, 1.868181818181818, 
mt0002067509, 1.8990271084337362, 1.6745795180722904, 1.7253012048192766, 
mt0002070314, 1.8570262068965528, 1.6932062068965497, 1.5733333333333333, 
mt0002164399, 1.845488235294118, 1.6855932773109243, 1.4941176470588233, 
mt0002177145, 1.9579773684210522, 1.6629021052631574, 1.6821052631578928, 
mt0002179342, 1.9058623376623376, 1.8056974025974024, 1.5792207792207795, 
mt0002219182, 1.9583568345323756, 1.669684892086331, 1.4964028776978409, 
mt0002225477, 1.8623957720588211, 1.668799448529412, 1.6113970588235331, 
mt0002230856, 1.9512895027624304, 1.7029464088397783, 1.7038674033149166, 
mt0002238737, 1.8589316666666662, 1.7410250000000005, 1.6533333333333338, 
mt0002239079, 1.8277788519637455, 1.6888477341389712, 1.630815709969788, 
mt0002240771, 1.9350611570247942, 1.771610743801653, 1.7768595041322301, 
mt0002260787, 1.7312500000000002, 1.7152522727272723, 1.713636363636364, 
mt0002272314, 1.8205726829268292, 1.7428780487804865, 1.5882926829268285, 
mt0002325544, 1.8778528301886792, 1.7193849056603772, 1.6905660377358496, 
mt0002337555, 1.868525641025641, 1.5874948717948716, 1.6153846153846152, 
mt0002343160, 1.8685749999999992, 1.6795181034482756, 1.7439655172413784, 
mt0002343207, 1.973379213483146, 1.7481471910112358, 1.6775280898876404, 
mt0002355518, 1.844735265700482, 1.7081019323671491, 1.5227053140096611, 
mt0002358457, 2.0448840707964613, 1.7217088495575223, 1.5026548672566373, 
mt0002359628, 1.9351825910931195, 1.7127315789473667, 1.8097165991902837, 
mt0002360219, 2.1595965811965794, 1.5742327635327644, 1.5566951566951541, 
mt0002371970, 1.9566999999999999, 1.7784125000000002, 1.375, 
mt0002374117, 1.9229339805825236, 1.6413669902912627, 1.5650485436893204, 
mt0002390941, 1.7589886010362694, 1.618200518134714, 1.6715025906735752, 
mt0002541017, 1.9493781250000008, 1.75017375, 1.4774999999999987, 
mt0002549047, 1.905868085106383, 1.775244680851065, 1.6936170212765953, 
mt0002619035, 2.054747872340426, 1.7956404255319154, 1.7659574468085109, 
mt0002626515, 1.9086301136363637, 1.6111454545454555, 1.642045454545454, 
mt0002655864, 1.7332124203821642, 1.7517891719745229, 1.708280254777067, 
mt0002657923, 1.7661384615384617, 1.615919230769231, 1.6538461538461537, 
mt0002662293, 1.6808709090909082, 1.5601309090909095, 1.51090909090909, 
mt0002672499, 1.8239535947712402, 1.8014692810457527, 1.6379084967320268, 
mt0002675791, 1.9079105263157892, 1.6685298245614038, 1.5789473684210527, 
mt0002714093, 1.8446657718120814, 1.6194053691275172, 1.820134228187919, 
mt0002737189, 1.7774800000000006, 1.7627494736842113, 1.5347368421052636, 
mt0002749253, 1.788066666666667, 1.7097099290780147, 1.608510638297871, 
mt0002784741, 1.820041818181818, 1.765803636363636, 1.9163636363636354, 
mt0002786674, 1.8864043478260881, 1.671656038647341, 1.5671497584541039, 
mt0002803746, 1.9308754966887418, 1.6622132450331129, 1.654304635761589, 
mt0002810052, 1.9228071428571443, 1.7152357142857155, 1.7485714285714273, 
mt0002842988, 1.8722849462365598, 1.7308956989247324, 1.6752688172043009, 
mt0002872113, 1.9730888888888891, 1.7097000000000002, 1.6984126984126986, 
mt0002903697, 1.9031095588235298, 1.6547235294117646, 1.6397058823529405, 
mt0002939380, 1.8743793522267196, 1.760277732793522, 1.7740890688259117, 
mt0002949712, 1.5830366972477052, 1.773888990825687, 1.4807339449541301, 
mt0002951965, 1.8227657342657348, 1.7053104895104896, 1.5524475524475518, 
mt0002962258, 1.8781112107623321, 1.7337390134529147, 1.60269058295964, 
mt0003025373, 2.0700306122448997, 1.6914489795918373, 1.318367346938776, 
mt0003038205, 1.8813099236641229, 1.6132977099236638, 1.8564885496183192, 
mt0003041246, 1.8415110091743123, 1.741897247706423, 1.5321100917431183, 
mt0003059710, 1.8521743749999993, 1.7244987500000004, 1.5474999999999997, 
mt0003067607, 1.9928429752066121, 1.569878512396695, 1.8148760330578504, 
mt0003085925, 1.9533454545454547, 1.7255793939393949, 1.5696969696969694, 
mt0003087857, 1.8625261016949137, 1.6725603389830508, 1.6094915254237274, 
mt0003108238, 1.5779306122448977, 1.6420061224489797, 1.7877551020408173, 
mt0003114479, 1.9791944444444454, 1.7710011111111124, 1.8688888888888884, 
mt0003117846, 1.8919985611510794, 1.6951330935251803, 1.5438848920863295, 
mt0003131435, 1.8868203773584904, 1.8004815094339617, 1.4890566037735842, 
mt0003146944, 2.0427416666666662, 1.6594250000000004, 1.636111111111111, 
mt0003163405, 2.149918181818182, 1.6614878787878788, 1.678787878787879, 
mt0003175531, 2.047484403669725, 1.7564587155963303, 1.493577981651376, 
mt0003216840, 2.072861756373939, 1.7658736543909332, 1.8317280453257816, 
mt0003217326, 1.8202259999999997, 1.721359199999998, 1.6527999999999985, 
mt0003247218, 1.9644663265306124, 1.79976224489796, 1.4346938775510207, 
mt0003253576, 1.9171275700934582, 1.7494369158878493, 1.5420560747663543, 
mt0003272904, 1.8225114754098362, 1.765630327868853, 1.4967213114754094, 
mt0003287170, 1.9722435897435902, 1.6011820512820516, 1.6051282051282052, 
mt0003309945, 1.7999038834951462, 1.6266398058252425, 1.5961165048543686, 
mt0003343422, 1.8930515463917523, 1.6927567010309286, 1.595876288659793, 
mt0003353794, 1.9378424050632912, 1.745551265822784, 1.6772151898734167, 
mt0003354468, 1.9572520547945198, 1.6140520547945207, 1.597260273972603, 
mt0003402277, 1.9964410852713188, 1.697835658914729, 1.5271317829457363, 
mt0003402994, 1.8647643312101918, 1.7210452229299373, 1.6441613588110409, 
mt0003408163, 1.8287594142259402, 1.5875426778242667, 1.5656903765690353, 
mt0003415286, 1.9245369369369374, 1.6820639639639634, 1.4774774774774775, 
mt0003440957, 1.8923408163265305, 1.7009959183673475, 1.7142857142857142, 
mt0003463313, 1.8927801444043335, 1.700670938628157, 1.5638989169675135, 
mt0003495753, 1.9289824644549767, 1.7695616113744057, 1.6625592417061608, 
mt0003496132, 1.755453725490196, 1.7551921568627444, 1.6149019607843114, 
mt0003503243, 1.9084988700564973, 1.7909474576271183, 1.5163841807909588, 
mt0003512262, 1.8918712550607288, 1.7391963562753028, 1.5765182186234787, 
mt0003513106, 1.9936867549668869, 1.6788145695364245, 1.8437086092715234, 
mt0003623420, 2.0579042735042745, 1.7181957264957264, 1.8034188034188032, 
mt0003642866, 1.8377851190476195, 1.7427809523809525, 1.7785714285714282, 
mt0003649209, 1.9409785714285717, 1.738898571428571, 1.934285714285714, 
mt0003663435, 1.8000590361445787, 1.751774698795181, 1.6204819277108427, 
mt0003671461, 1.9430936708860753, 1.6893632911392398, 1.4835443037974685, 
mt0003672014, 1.8833035087719312, 1.7031596491228074, 1.6649122807017538, 
mt0003758193, 1.9105251028806571, 1.7579440329218095, 1.581893004115225, 
mt0003759483, 1.907683571428572, 1.6500607142857147, 1.6042857142857143, 
mt0003768949, 2.0019129032258083, 1.6720717741935485, 1.4612903225806444, 
mt0003770678, 1.8571538461538462, 1.6960123076923082, 1.6174358974358964, 
mt0003790639, 1.9020823899371067, 1.6500874213836478, 1.5031446540880498, 
mt0003791678, 1.9648656250000003, 1.6121668750000009, 1.6912500000000001, 
mt0003795778, 1.906038709677419, 1.7221774193548394, 1.64516129032258, 
mt0003808965, 1.935051388888888, 1.6310111111111103, 1.7111111111111112, 
mt0003841135, 2.106566265060241, 1.8543602409638555, 1.5975903614457838, 
mt0003861404, 1.9069482905982915, 1.6309512820512821, 1.5547008547008523, 
mt0003868349, 1.9489176470588239, 1.7431580882352944, 1.720588235294117, 
mt0003922526, 1.911684375, 1.7371243749999998, 1.5425, 
mt0003950978, 1.8833574218750013, 1.6807679687499988, 1.7875, 
mt0003957022, 2.0446743902439035, 1.6149335365853674, 1.603658536585366, 
mt0003965796, 1.8790694117647062, 1.5942623529411757, 1.4752941176470589, 
mt0004001989, 1.9799133689839563, 1.7812582887700545, 1.5058823529411751, 
mt0004005104, 1.8333790123456788, 1.5965259259259263, 1.7382716049382718, 
mt0004008853, 1.8600029940119767, 1.7201425149700595, 1.6646706586826343, 
mt0004009266, 1.8782189999999994, 1.6320324999999993, 1.536999999999999, 
mt0004014951, 1.822555319148935, 1.6806205673758865, 1.5390070921985806, 
mt0004032349, 1.8813811369509064, 1.6407607235142148, 1.488888888888889, 
mt0004036128, 1.8827771428571436, 1.5729300000000004, 1.84, 
mt0004156130, 1.8211771428571437, 1.6533085714285713, 1.5561904761904755, 
mt0004157335, 1.902104301075269, 1.748393548387097, 1.5677419354838709, 
mt0004183911, 1.8314076923076923, 1.6950591715976338, 1.5100591715976328, 
mt0004221543, 1.9025198952879578, 1.659094764397906, 1.7193717277486913, 
mt0004254228, 1.7664542713567828, 1.6706090452261317, 1.5296482412060297, 
mt0004256890, 1.9463863636363652, 1.7443999999999984, 1.4171717171717158, 
mt0004263301, 1.8459465346534656, 1.6539930693069314, 1.5603960396039604, 
mt0004331072, 1.945913698630138, 1.684493835616439, 1.4739726027397244, 
mt0004335339, 1.980986440677966, 1.5365881355932207, 1.4644067796610172, 
mt0004348610, 1.9322048275862076, 1.6802586206896541, 1.5468965517241364, 
mt0004349116, 1.870207386363636, 1.657202840909091, 1.4943181818181808, 
mt0004352726, 1.8658851282051276, 1.6966851282051278, 1.5846153846153834, 
mt0004380082, 1.854282142857143, 1.7107410714285716, 1.8214285714285716, 
mt0004400843, 1.8884207407407416, 1.8064814814814818, 1.6355555555555554, 
mt0004442475, 1.9301213836477986, 1.7995698113207539, 1.564779874213835, 
mt0004444570, 1.9289824644549767, 1.7695616113744057, 1.6625592417061608, 
mt0004450722, 1.8264194915254264, 1.740493644067795, 1.6686440677966097, 
mt0004463383, 1.897914977973568, 1.7557013215859028, 1.4352422907488969, 
mt0004474824, 1.8300689024390238, 1.6822646341463416, 1.5792682926829262, 
mt0004485367, 1.9403837662337668, 1.7116233766233775, 1.7155844155844138, 
mt0004489039, 1.816321875, 1.6282843749999987, 1.7218749999999996, 
mt0004491252, 2.0313806818181823, 1.6962250000000003, 1.6386363636363634, 
mt0004506984, 1.9127113636363646, 1.6351863636363624, 1.6072727272727272, 
mt0004588191, 1.9386330434782606, 1.6781669565217394, 1.5078260869565219, 
mt0004599219, 1.8494889763779523, 1.6841566929133864, 1.7023622047244094, 
mt0004644495, 2.020958695652175, 1.704088043478261, 1.7913043478260875, 
mt0004692317, 1.9127113636363646, 1.6351863636363624, 1.6072727272727272, 
mt0004692456, 1.9328791788856312, 1.7316348973607048, 1.6240469208211157, 
mt0004739956, 1.794413793103448, 1.7006166666666658, 1.6862068965517243, 
mt0004756666, 1.9159609958506214, 1.6921157676348528, 1.883817427385892, 
mt0004772896, 1.929850714285714, 1.6604, 1.5457142857142852, 
mt0004805505, 1.815342105263158, 1.7411999999999999, 1.6, 
mt0004836526, 1.850961895161291, 1.6992814516129033, 1.6262096774193577, 
mt0004844832, 1.761845294117648, 1.6723752941176482, 1.4682352941176464, 
mt0004850406, 1.900089247311828, 1.7803301075268823, 1.7075268817204308, 
mt0004850815, 2.013468699186991, 1.6747215447154478, 1.6878048780487789, 
mt0004861138, 1.8676574519230782, 1.7106810096153837, 1.6802884615384632, 
mt0004864453, 1.7597483606557376, 1.6761180327868865, 1.5114754098360654, 
mt0004866822, 1.798716260162602, 1.7559918699187, 1.5999999999999994, 
mt0004910983, 1.8830224299065421, 1.6994607476635508, 1.6242990654205607, 
mt0004943985, 1.909550980392157, 1.7175849673202626, 1.5241830065359454, 
mt0004963809, 1.9030377551020405, 1.626031632653061, 1.6469387755102036, 
mt0004982192, 1.8298081081081083, 1.6762578378378383, 1.638918918918918, 
mt0004988024, 1.7526006993006993, 1.6633475524475523, 1.618181818181818, 
mt0005009443, 2.072770588235294, 1.7687436974789923, 1.6470588235294108, 
mt0005033429, 1.9729992647058816, 1.697266176470588, 1.870588235294117, 
mt0005044119, 1.8470182432432445, 1.7004743243243259, 1.5297297297297292, 
mt0005054052, 1.9596609929078028, 1.6953829787234058, 1.7106382978723393, 
mt0005064430, 1.8409148648648648, 1.625717567567568, 1.6918918918918922, 
mt0005091942, 2.0597294117647054, 1.8277999999999996, 1.482352941176471, 
mt0005103598, 1.8788354609929077, 1.6897539007092202, 1.6255319148936163, 
mt0005130618, 1.8916933333333328, 1.6258833333333336, 1.7366666666666668, 
mt0005134466, 1.8836270000000004, 1.7461780000000007, 1.6279999999999994, 
mt0005142001, 1.9245248062015516, 1.7116604651162801, 1.5581395348837204, 
mt0005189820, 1.8358893617021284, 1.7487925531914894, 1.574468085106383, 
mt0005198745, 1.7950546511627905, 1.6254465116279069, 1.5604651162790704, 
mt0005205865, 1.7297616666666669, 1.8107683333333342, 1.6700000000000004, 
mt0005223794, 1.857943076923078, 1.7333984615384626, 1.6476923076923067, 
mt0005241287, 1.864787005649718, 1.6950807909604515, 1.5774011299435016, 
mt0005322725, 2.0573760416666667, 1.761553645833332, 1.547916666666665, 
mt0005344437, 1.9491587837837847, 1.691843918918919, 1.589189189189189, 
mt0005404111, 1.8539576036866376, 1.6810870967741922, 1.6451612903225799, 
mt0005458872, 1.860182421874998, 1.6184078125000005, 1.3921874999999988, 
mt0005507094, 1.828987619047619, 1.7947771428571437, 1.5676190476190468, 
mt0005507880, 1.9649581818181814, 1.7491357575757582, 1.6096969696969692, 
mt0005519111, 1.9747913043478265, 1.8020347826086955, 1.7652173913043483, 
mt0005540184, 1.904120930232558, 1.665146511627907, 1.5523255813953476, 
mt0005567133, 1.9230263157894742, 1.6651578947368417, 1.8884210526315788, 
mt0005592810, 1.8942185328185335, 1.7249361003861028, 1.5100386100386116, 
mt0005631977, 1.8014119047619057, 1.6635619047619032, 1.6079365079365069, 
mt0005638160, 1.7269940397351011, 1.6574198675496687, 1.695364238410595, 
mt0005643452, 1.9313868852459022, 1.6478426229508196, 1.8262295081967213, 
mt0005644862, 1.89063922413793, 1.6506107758620678, 1.6379310344827576, 
mt0005669153, 1.8359396551724148, 1.6856633620689652, 1.6732758620689647, 
mt0005715715, 1.9229304635761595, 1.7048529801324506, 1.6397350993377486, 
mt0005725657, 1.785810380622838, 1.64839480968858, 1.7128027681660878, 
mt0005826176, 2.0107593220339, 2.231369491525424, 1.9898305084745769, 
mt0005860700, 1.9578409090909095, 1.6572763636363643, 1.7072727272727264, 
mt0005941425, 1.9197602564102563, 1.6989961538461535, 1.6153846153846156, 
mt0005947736, 2.0026646017699123, 1.6316238938053098, 1.6371681415929205, 
mt0006005146, 1.6987303030303031, 1.916084848484848, 2.1393939393939396, 
mt0006007936, 1.7899508557457213, 1.675904400977993, 1.5466992665036678, 
mt0006039798, 1.7719186915887868, 1.6717532710280358, 1.4757009345794387, 
mt0006044445, 1.916450714285715, 1.608100000000001, 1.7628571428571425, 
mt0006078896, 1.849275961538462, 1.6574403846153853, 1.4230769230769234, 
mt0006115121, 1.9752940298507458, 1.5967552238805973, 1.8208955223880596, 
mt0006137300, 1.8812137500000006, 1.725271250000001, 1.6375000000000004, 
mt0006152919, 1.9588249999999985, 1.7338618421052616, 1.685087719298244, 
mt0006155522, 1.8140260869565221, 1.654037681159421, 1.5695652173913035, 
mt0006188933, 1.876656603773585, 1.6994481132075479, 1.8094339622641504, 
mt0006196650, 1.8939348101265825, 1.6827037974683556, 1.621518987341771, 
mt0006253993, 1.9993142857142852, 1.6854539682539686, 1.9111111111111114, 
mt0006256204, 1.7421631578947367, 1.642375438596492, 1.6263157894736842, 
mt0006323464, 1.8623388235294118, 1.69736705882353, 1.604705882352941, 
mt0006356406, 1.8461534090909089, 1.7851522727272722, 1.6999999999999993, 
mt0006384594, 1.890616317991632, 1.7203933054393306, 1.6912133891213388, 
mt0006396124, 1.8839343589743602, 1.689283076923076, 1.4933333333333323, 
mt0006409530, 1.7266588888888883, 1.688839444444443, 1.6077777777777778, 
mt0006431184, 1.8965086206896558, 1.7102866379310335, 1.7086206896551726, 
mt0006431807, 1.8546352490421465, 1.7225459770114926, 1.7655172413793114, 
mt0006507399, 2.0539061302682016, 1.6281272030651344, 1.4950191570881208, 
mt0006514225, 1.9127458823529397, 1.7425623529411745, 1.7364705882352949, 
mt0006522591, 1.865609039548023, 1.862151977401128, 1.9039548022598864, 
mt0006536592, 2.0160664285714285, 1.879940714285715, 1.5457142857142854, 
mt0006553309, 1.8658561797752797, 1.604904494382021, 1.2382022471910115, 
mt0006623403, 1.986034042553192, 1.7632702127659576, 1.4978723404255323, 
mt0006683875, 1.8718194852941172, 1.7189658088235262, 1.7529411764705882, 
mt0006746687, 1.9151554216867472, 1.6621445783132527, 1.6771084337349376, 
mt0006755411, 2.0441898550724638, 1.933327536231884, 1.718840579710146, 
mt0006795758, 1.8441245562130182, 1.6824857988165673, 1.5426035502958568, 
mt0006829277, 1.8681173913043492, 1.70704347826087, 1.6405797101449267, 
mt0006843007, 1.9845277343749996, 1.7134636718750005, 1.5281249999999982, 
mt0006876450, 1.965916, 1.683812, 1.7919999999999998, 
mt0006879985, 1.8436415343915333, 1.684061640211641, 1.6455026455026456, 
mt0006914583, 1.8871554878048786, 1.7809737804878034, 1.5560975609756083, 
mt0006929157, 1.8533311797752798, 1.7566151685393252, 1.5893258426966288, 
mt0006937715, 1.8978274509803927, 1.74451045751634, 1.5294117647058814, 
mt0007072562, 1.8212331775700936, 1.5977014018691569, 1.7841121495327088, 
mt0007075838, 1.7984611764705873, 1.6279611764705872, 1.7211764705882344, 
mt0007127869, 1.7923074829931984, 1.7984387755102051, 1.7170068027210874, 
mt0007135313, 2.0312061538461537, 1.641866153846153, 1.64923076923077, 
mt0007136180, 1.8700852813852809, 1.5954138528138517, 1.5541125541125527, 
mt0007164275, 1.8454929104477624, 1.7182451492537298, 1.6268656716417909, 
mt0007177899, 1.6731052631578944, 1.75, 1.4184210526315797, 
mt0007199330, 1.9554959183673475, 1.6995387755102038, 1.7326530612244906, 
mt0007210245, 1.8540102459016394, 1.651071721311476, 1.7303278688524593, 
mt0007284655, 1.9360646153846148, 1.7303523076923073, 1.8769230769230767, 
mt0007339692, 1.8912013953488358, 1.7517172093023248, 1.98325581395349, 
mt0007344428, 1.928775789473684, 1.5964257894736844, 1.639999999999999, 
mt0007350911, 2.072799248120301, 1.8361067669172935, 1.5488721804511267, 
mt0007390015, 2.067881196581197, 1.8014940170940175, 1.6683760683760682, 
mt0007401605, 1.820280985915494, 1.6793732394366194, 1.5915492957746478, 
mt0007412399, 1.8321629496402871, 1.6645363309352497, 1.7553956834532372, 
mt0007419064, 1.8527536842105266, 1.5742684210526314, 1.589473684210526, 
mt0007421674, 1.8681323170731723, 1.7372810975609736, 1.5506097560975582, 
mt0007433643, 1.8863644628099174, 1.5994099173553722, 1.6561983471074375, 
mt0007453968, 1.898246103896104, 1.6157233766233758, 1.6155844155844152, 
mt0007508173, 1.9184393333333336, 1.65537, 1.5413333333333332, 
mt0007606129, 1.8898237762237766, 1.5909328671328684, 1.5552447552447537, 
mt0007644103, 1.9685030927835048, 1.7980845360824733, 1.4907216494845361, 
mt0007656256, 1.9129222222222222, 1.6807290598290603, 1.7008547008547001, 
mt0007730975, 1.8600151515151517, 1.7152818181818184, 1.9151515151515153, 
mt0007734469, 1.808919607843138, 1.648972549019608, 1.7254901960784315, 
mt0007795217, 1.8547388235294113, 1.640656470588236, 1.54470588235294, 
mt0007805279, 1.8186002192982456, 1.6849355263157895, 1.6776315789473706, 
mt0007859380, 2.0710187500000004, 1.8128916666666681, 1.7319444444444436, 
mt0007868583, 1.9077724137931036, 1.6973614942528734, 1.4919540229885042, 
mt0007885722, 1.8188360000000003, 1.6845179999999995, 1.6039999999999992, 
mt0007886392, 1.9683839999999997, 1.7134728, 1.6671999999999996, 
mt0007983016, 2.0284702702702697, 1.7246810810810813, 1.6837837837837837, 
mt0008029439, 2.000798429319372, 1.7914130890052362, 1.739267015706805, 
mt0008046899, 1.8778345291479812, 1.7468354260089674, 1.824215246636773, 
mt0008105399, 1.879434161490683, 1.6865428571428573, 1.5776397515527942, 
mt0008113039, 1.9736823293172698, 1.7964879518072279, 1.6120481927710832, 
mt0008131425, 1.9034407407407405, 1.6712716049382719, 1.6370370370370377, 
mt0008147388, 1.7251412587412596, 1.7562811188811192, 1.8405594405594397, 
mt0008149831, 1.6898880597014936, 1.723559701492538, 1.6388059701492543, 
mt0008154135, 1.8799521126760566, 1.6376478873239446, 1.8140845070422533, 
mt0008188118, 1.9067625000000004, 1.6959703124999996, 1.7437499999999992, 
mt0008236217, 2.0792925, 1.6998874999999998, 1.8599999999999999, 
mt0008256449, 1.8942169398907114, 1.5734087431693997, 1.5092896174863377, 
mt0008279825, 1.9484216417910454, 1.713415671641791, 1.6746268656716405, 
mt0008298374, 1.904154404145078, 1.6701430051813468, 1.7150259067357514, 
mt0008308461, 1.8524818681318698, 1.7331521978021964, 1.6901098901098892, 
mt0008350331, 1.9044022058823538, 1.749730147058824, 1.8220588235294117, 
mt0008352590, 1.8773619047619068, 1.6985984126984135, 1.4952380952380953, 
mt0008375464, 1.851872192513368, 1.7046951871657756, 1.5101604278074858, 
mt0008385501, 1.726031707317073, 1.7345707317073171, 1.7073170731707317, 
mt0008394478, 1.9644175824175847, 1.7289886446886429, 1.652747252747251, 
mt0008407767, 1.867117587939699, 1.630674874371859, 1.8321608040201003, 
mt0008408635, 1.6770243243243244, 1.7267297297297297, 1.4324324324324318, 
mt0008421113, 1.8686061032863848, 1.6036009389671362, 1.6535211267605634, 
mt0008445371, 2.095982, 1.746642, 1.6919999999999995, 
mt0008510885, 1.8374187845303869, 1.6533309392265192, 1.5591160220994469, 
mt0008518738, 1.824929411764706, 1.732229411764707, 1.4117647058823535, 
mt0008537015, 2.0623349557522133, 1.8296734513274318, 1.7026548672566357, 
mt0008602863, 1.7452422764227629, 1.8113186991869932, 1.8268292682926819, 
mt0008632122, 1.9143006024096387, 1.6650506024096388, 1.6373493975903606, 
mt0008673651, 1.951423287671233, 1.6778102739726035, 1.6383561643835622, 
mt0008679244, 1.8804087378640784, 1.646806796116505, 1.5902912621359222, 
mt0008690776, 1.805339428571429, 1.5821177142857143, 1.5519999999999994, 
mt0008715617, 1.9699205555555555, 1.7444377777777766, 1.6199999999999994, 
mt0008734186, 1.8083358974358976, 1.6396000000000004, 1.4794871794871798, 
mt0008734289, 1.8956866666666672, 1.6103638095238098, 2.0247619047619048, 
mt0008737859, 1.9126196581196595, 1.7214068376068385, 1.8957264957264954, 
mt0008813307, 1.835331818181819, 1.7248454545454548, 1.5795454545454548, 
mt0008813309, 1.9039572463768113, 1.7216594202898552, 1.6695652173913027, 
mt0008830058, 1.9165794520547943, 1.7830479452054793, 1.621917808219178, 
mt0008830314, 1.9666597560975612, 1.796124390243903, 1.5756097560975613, 
mt0008847144, 1.8622954887218042, 1.7217187969924808, 1.5560150375939872, 
mt0008863436, 1.8696035714285713, 1.6306035714285716, 1.8607142857142853, 
mt0008869963, 1.9224840909090906, 1.569743181818182, 1.8863636363636365, 
mt0008880179, 1.7696527777777775, 1.7340000000000002, 1.7888888888888888, 
mt0008881877, 1.7456899999999997, 1.77241, 1.76, 
mt0008882630, 1.8861634146341475, 1.6804273170731707, 1.7043902439024392, 
mt0008885061, 1.8957335820895538, 1.6684238805970162, 1.5865671641791035, 
mt0008891523, 1.8906491525423739, 1.720476694915252, 1.5771186440677956, 
mt0008953247, 1.8572796874999995, 1.6462713541666656, 1.7541666666666662, 
mt0008963540, 1.7992451063829795, 1.6570625531914878, 1.776170212765958, 
mt0008969183, 1.8030506024096393, 1.641386746987953, 1.5963855421686737, 
mt0008990167, 2.0265653333333336, 1.6868933333333331, 1.6133333333333337, 
mt0009005900, 1.7869058823529413, 1.7014823529411764, 1.7254901960784306, 
mt0009048371, 2.0166343065693435, 1.6929197080291973, 1.6233576642335752, 
mt0009060419, 1.870207386363636, 1.657202840909091, 1.4943181818181808, 
mt0009153900, 2.0556500000000004, 1.718303846153847, 1.4858974358974355, 
mt0009164591, 1.7963048076923076, 1.6597538461538464, 1.4461538461538457, 
mt0009174874, 1.8777143712574857, 1.703137724550898, 1.7508982035928138, 
mt0009206381, 1.9244155102040819, 1.7927208163265276, 1.6130612244897953, 
mt0009233872, 2.01593680297398, 1.6998111524163568, 1.6408921933085494, 
mt0009239443, 1.8538221902017284, 1.6826342939481262, 1.4881844380403442, 
mt0009240244, 2.0101313953488376, 1.747081395348837, 1.6162790697674418, 
mt0009258201, 1.872308588957056, 1.6568975460122706, 1.5104294478527598, 
mt0009263768, 1.8894701612903224, 1.6273217741935484, 1.759677419354838, 
mt0009300582, 1.8792500000000003, 1.7600326086956526, 1.6173913043478263, 
mt0009311775, 1.8013619289340108, 1.6853761421319793, 1.5837563451776642, 
mt0009312856, 1.9615999999999996, 1.6244434285714286, 1.651428571428571, 
mt0009313453, 1.8654125874125875, 1.7202006993006993, 1.6013986013986012, 
mt0009320357, 1.8947187919463078, 1.7142593959731534, 1.5550335570469787, 
mt0009321428, 1.968723287671233, 1.7167143835616445, 1.4767123287671233, 
mt0009360971, 1.7531525252525253, 1.715944949494949, 1.7080808080808074, 
mt0009392584, 1.8239257407407439, 1.6444612962962948, 1.7088888888888902, 
mt0009495280, 1.922754601226995, 1.6638840490797548, 1.3791411042944781, 
mt0009495283, 1.7660794117647043, 1.761866666666666, 1.4970588235294122, 
mt0009495284, 1.8275479885057473, 1.6307626436781613, 1.505747126436781, 
mt0009495285, 1.8707886227544912, 1.7049802395209581, 1.5592814371257466, 
mt0009577134, 1.8879165853658533, 1.7762024390243907, 1.6839024390243893, 
mt0009781895, 1.9936915730337088, 1.7109314606741572, 1.8146067415730334, 
mt0009781899, 1.8352568306010935, 1.6688262295081961, 1.5934426229508192, 
mt0009785611, 1.9193787985865733, 1.5908293286219075, 1.5929328621908116, 
mt0009863660, 1.8827262931034485, 1.6621719827586192, 1.663793103448276, 
mt0010007878, 1.7332558441558445, 1.687645454545455, 1.9064935064935067, 
mt0010007881, 1.960241772151899, 1.6880113924050641, 1.683544303797469, 
mt0010007882, 1.8736601941747577, 1.582641747572815, 1.8116504854368933, 
mt0010065680, 2.0851487179487203, 1.741420279720284, 1.8960372960372989, 
mt0010100277, 1.8887224852071003, 1.6034532544378706, 1.7727810650887579, 
mt0010100278, 1.8856713235294122, 1.6073610294117653, 1.641176470588235, 
mt0010100279, 1.9330672897196264, 1.6667009345794397, 1.7271028037383174, 
mt0010100283, 1.8341238372093025, 1.6621151162790702, 1.6046511627906963, 
mt0010100285, 1.903583739837399, 1.6886040650406509, 1.6715447154471552, 
mt0010100324, 2.18224347826087, 1.8925159420289854, 1.84927536231884, 
mt0010100333, 1.9422759090909094, 1.676672272727272, 1.7245454545454535, 
mt0010100350, 2.1141578313253007, 1.573750602409639, 2.014457831325301, 
mt0010194069, 1.9091090909090898, 1.6911519480519466, 1.5930735930735913, 
mt0010261588, 1.9477374045801539, 1.6182824427480924, 1.8351145038167893, 
mt0010290775, 1.9937178571428582, 1.6659000000000004, 1.722857142857143, 
mt0010290779, 1.9842072727272728, 1.845869090909091, 1.7381818181818178, 
mt0010290785, 1.8448475609756094, 1.5935280487804881, 1.5646341463414628, 
mt0010290788, 1.9675121428571438, 1.7246714285714284, 1.7771428571428567, 
mt0010305995, 1.9589057971014494, 1.7820985507246385, 1.571014492753624, 
mt0010310891, 1.6787150684931507, 1.8061767123287675, 1.9534246575342462, 
mt0010310894, 1.773088209606987, 1.7990065502183386, 1.9755458515283852, 
mt0010310897, 1.8092509615384613, 1.6543418269230754, 1.651923076923076, 
mt0010310898, 1.8755836065573765, 1.7170778688524597, 1.5704918032786883, 
mt0010310899, 1.7915232000000005, 1.6705815999999998, 1.5135999999999998, 
mt0010368848, 1.880308888888888, 1.554128888888889, 1.808888888888889, 
mt0010369823, 1.7604000000000004, 1.724362913907285, 1.7814569536423834, 
mt0010403235, 1.9324893805309735, 1.9185522123893808, 1.7946902654867272, 
mt0010405928, 1.7147704225352105, 1.7908394366197182, 1.774647887323944, 
mt0010478882, 1.9098336538461553, 1.6295798076923078, 1.853846153846153, 
mt0010480965, 1.872822485207101, 1.6327000000000005, 1.5218934911242596, 
mt0010484291, 1.8866672131147548, 1.6125483606557383, 1.386885245901639, 
mt0010487366, 1.8155826086956528, 1.6906750988142287, 1.5952569169960455, 
mt0010487702, 1.6573214876033064, 1.7134016528925626, 1.8181818181818183, 
mt0010500981, 1.7708031999999985, 1.7151212000000007, 1.5623999999999976, 
mt0010501752, 1.8415986111111111, 1.7770097222222225, 1.802777777777778, 
mt0010526041, 1.8195980694980696, 1.6879088803088786, 1.6702702702702694, 
mt0010543277, 1.9178422594142275, 1.615918828451882, 1.6276150627615062, 
mt0010551970, 1.9998711538461544, 1.7238967948717943, 1.687179487179486, 
mt0010552303, 1.9143056497175153, 1.656086440677966, 1.3333333333333308, 
mt0010554175, 2.0613576923076917, 1.8312692307692304, 1.86923076923077, 
mt0010554620, 1.938546706586825, 1.7902994011976046, 1.9257485029940131, 
mt0010570500, 1.8518914572864318, 1.7538040201005023, 1.767839195979898, 
mt0010587687, 1.8903251700680286, 1.6943095238095238, 1.7006802721088434, 
mt0010611386, 2.0030358695652173, 1.902342934782607, 1.7282608695652157, 
mt0010611876, 1.9324698275862078, 1.7397422413793107, 1.6999999999999997, 
mt0010612023, 1.8264814207650286, 1.6602030054644794, 1.558469945355191, 
mt0010616215, 1.8125706093189957, 1.6616010752688148, 1.5426523297491037, 
mt0010623104, 1.8196064285714293, 1.634313571428571, 1.5357142857142851, 
mt0010623318, 1.9483015625000013, 1.6751820312500003, 1.7453124999999998, 
mt0010674530, 1.938517721518987, 1.6167582278481014, 1.5924050632911393, 
mt0010674859, 1.877942647058823, 1.7810955882352943, 1.6558823529411768, 
mt0010687397, 1.8236480769230772, 1.6652884615384618, 1.657692307692308, 
mt0010694349, 1.7843067484662571, 1.7455245398773005, 1.7165644171779135, 
mt0010695865, 1.9013519774011305, 1.642409604519774, 1.589830508474575, 
mt0010696838, 1.9572414168937333, 1.7331656675749314, 1.7106267029972757, 
mt0010699902, 1.8424912000000004, 1.742352399999998, 1.6143999999999987, 
mt0010701929, 1.8710922619047632, 1.6570732142857154, 1.5845238095238092, 
mt0010702370, 1.8439818627450972, 1.6888122549019604, 1.546078431372549, 
mt0010704053, 1.9242414141414146, 1.7778868686868694, 1.7515151515151508, 
mt0010705334, 2.1111024000000014, 1.8667240000000007, 1.5008000000000004, 
mt0010723417, 1.901556363636364, 1.645869090909091, 1.6181818181818175, 
mt0010741386, 1.9821755555555547, 1.7390777777777777, 1.420000000000001, 
mt0010751134, 1.8503219999999998, 1.7033800000000001, 1.4600000000000002, 
mt0010753520, 1.9369592592592593, 1.8113604938271606, 1.5530864197530865, 
mt0010754290, 1.9201410112359556, 1.7448561797752806, 1.4853932584269651, 
mt0010759828, 1.8656613445378163, 1.6196647058823537, 1.6638655462184873, 
mt0010763307, 1.8189519662921327, 1.6659455056179768, 1.3550561797752791, 
mt0010883435, 1.8222588235294104, 1.769507563025211, 1.3512605042016814, 
mt0010922381, 1.6541252427184465, 1.694415533980582, 1.6815533980582518, 
mt0010944578, 1.9022181818181814, 1.7525727272727276, 1.8484848484848484, 
mt0010952549, 1.8336848484848494, 1.7935409090909082, 1.8727272727272712, 
mt0010961352, 1.8165005988023948, 1.7028317365269463, 1.6203592814371242, 
mt0010974226, 1.7870464864864863, 1.6395854054054047, 1.7232432432432434, 
mt0010974386, 2.0189999999999997, 1.888894736842105, 1.8631578947368417, 
mt0010974997, 1.7471973913043481, 1.6611582608695648, 1.5739130434782609, 
mt0010977138, 1.8652509259259265, 1.7350879629629634, 1.8518518518518516, 
mt0010978213, 1.8373325657894735, 1.7306546052631568, 1.7427631578947356, 
mt0010983695, 1.8011230414746526, 1.7257262672811033, 1.6654377880184337, 
mt0010995725, 1.8386824884792625, 1.7333419354838697, 1.6626728110599065, 
mt0011002261, 1.9480888888888894, 1.7554481481481483, 1.6419753086419746, 
mt0011005836, 1.8883945833333338, 1.6874645833333328, 1.575833333333332, 
mt0011069243, 1.946917204301076, 1.6709188172043008, 1.462365591397848, 
mt0011153177, 1.9247124999999998, 1.6434035714285713, 1.5392857142857144, 
mt0011162069, 1.9407492957746482, 1.6579577464788735, 1.4450704225352113, 
mt0011204639, 1.8989887218045118, 1.6895375939849626, 1.6150375939849615, 
mt0011337961, 1.9268258064516135, 1.8284653225806455, 1.9145161290322572, 
mt0011353873, 1.8746507407407402, 1.682105555555554, 1.5607407407407408, 
mt0011367998, 1.8154752941176469, 1.6313364705882356, 1.7082352941176469, 
mt0011368822, 1.8511433962264143, 1.6783066037735852, 1.7301886792452834, 
mt0011368858, 1.8257376470588242, 1.6749270588235294, 1.6870588235294122, 
mt0011374266, 1.9847077720207251, 1.6815813471502576, 1.6725388601036246, 
mt0011378875, 1.743520618556699, 1.759867525773196, 1.6247422680412358, 
mt0011384637, 1.8431295454545462, 1.6155443181818183, 1.5386363636363638, 
mt0011387694, 2.0713831223628696, 1.7579324894514767, 1.6514767932489431, 
mt0011387901, 1.7676870646766167, 1.7525810945273632, 1.592039800995025, 
mt0011389239, 1.8393000000000008, 1.64608865248227, 1.398581560283688, 
mt0011389330, 1.9721182320441986, 1.7456977900552475, 1.7093922651933688, 
mt0011405787, 1.9926087378640782, 1.6577174757281556, 1.8912621359223294, 
mt0011426003, 1.8559425531914897, 1.6230799999999985, 1.5165957446808505, 
mt0011438643, 1.8278152091254798, 1.657337135614708, 1.5675538656527277, 
mt0011487003, 1.908233918128655, 1.6861391812865496, 1.4561403508771922, 
mt0011503204, 1.9598519637462244, 1.7526631419939556, 1.5945619335347427, 
mt0011558921, 1.7994302631578958, 1.6716335526315802, 1.6249999999999982, 
mt0011594132, 1.9441710982658964, 1.8193202312138714, 1.6080924855491323, 
mt0011707340, 1.8476330078124994, 1.7048410156250018, 1.5117187500000024, 
mt0011711087, 1.9442969465648854, 1.6596816793893128, 1.558778625954198, 
mt0011720194, 1.8364278846153859, 1.6536336538461538, 1.6730769230769225, 
mt0011741035, 1.8689549180327865, 1.7044524590163943, 1.6163934426229505, 
mt0011759451, 1.7881242647058824, 1.620741911764706, 1.4779411764705879, 
mt0011767762, 2.0707808000000014, 1.6639032000000022, 1.7759999999999996, 
mt0011772341, 1.966313242009133, 1.8008406392694056, 1.711415525114154, 
mt0011796324, 1.8999846153846167, 1.6875799999999985, 1.6912820512820508, 
mt0011800641, 1.8979617021276611, 1.7386886524822687, 1.591489361702127, 
mt0011808566, 1.9233968641114987, 1.6791163763066186, 1.7491289198606268, 
mt0011815949, 1.9378212962962966, 1.7201759259259262, 1.6185185185185185, 
mt0011816881, 1.805385576923077, 1.7392336538461532, 1.7038461538461542, 
mt0011817066, NaN, NaN, NaN, 
mt0011842354, 1.9014268292682934, 1.6885012195121951, 1.5951219512195123, 
mt0011859112, 1.8408293103448286, 1.723308045977012, 1.5333333333333334, 
mt0011861482, 2.1383755274261627, 1.7101801687763698, 1.848945147679327, 
mt0011861922, 2.031844, 1.7509400000000002, 1.4720000000000004, 
mt0011865868, 1.8708035211267615, 1.6248978873239446, 1.5732394366197178, 
mt0011870505, 1.8717268292682923, 1.6636707317073174, 1.7073170731707321, 
mt0011873776, 2.12320253164557, 1.8017544303797475, 1.7417721518987341, 
mt0011878109, 2.0284381720430114, 1.7573467741935482, 1.4408602150537628, 
mt0011879313, 1.8449751633986928, 1.6650274509803922, 1.49673202614379, 
mt0011889304, 1.9341088495575227, 1.6314796460176992, 1.6194690265486726, 
mt0011890964, 1.8055701754385962, 1.6497017543859656, 1.5707602339181284, 
mt0011895521, 1.949659712230217, 1.6504654676259003, 1.5035971223021571, 
mt0011897338, 1.8997549999999996, 1.7508408333333338, 1.5516666666666659, 
mt0011904586, 1.7814178571428578, 1.7581589285714279, 1.6714285714285724, 
mt0011908732, 1.847529411764706, 1.710551470588236, 1.5485294117647048, 
mt0011908765, 1.686443859649123, 1.7098570175438612, 1.8807017543859665, 
mt0011909571, 1.8914949579831937, 1.6729823529411778, 1.660504201680672, 
mt0011918560, 2.007888586956522, 1.7177820652173907, 1.615217391304347, 
mt0011921060, 1.8521422222222226, 1.7561773333333324, 1.693333333333333, 
mt0011923565, 1.922875471698114, 1.613909433962264, 1.5773584905660376, 
mt0011924283, 2.138232812500001, 1.7968101562500005, 1.8890625000000003, 
mt0011924316, 1.7781693693693694, 1.8132549549549541, 1.6576576576576583, 
mt0011924930, 1.9700039999999996, 1.6344474999999994, 1.4609999999999994, 
mt0011927382, 1.8718627450980392, 1.6723990196078433, 1.4470588235294117, 
mt0011928183, 2.0162566371681425, 1.7353000000000007, 1.5769911504424772, 
mt0011931223, 1.9228017142857146, 1.6583971428571438, 1.5417142857142851, 
mt0011932684, 1.9624021276595742, 1.7925829787234044, 1.5361702127659576, 
mt0011935082, 1.8208765151515147, 1.6529401515151512, 1.5636363636363626, 
mt0011937155, 1.756517857142858, 1.6499526785714287, 1.7160714285714282, 
mt0011937271, 1.8550351351351357, 1.6567770270270274, 1.509459459459459, 
mt0011940706, 1.7948663865546228, 1.6880042016806733, 1.524369747899159, 
mt0011940781, 1.6584369565217387, 1.724441304347826, 1.7826086956521736, 
mt0011942127, 1.8364900383141756, 1.6906777777777768, 1.5785440613026804, 
mt0011943335, 1.7545868965517244, 1.6226475862068976, 1.4482758620689649, 
mt0011944405, 1.7994905797101455, 1.6951507246376825, 1.553623188405797, 
mt0011944573, 1.9706732824427469, 1.5974866412213733, 1.6755725190839674, 
mt0011945627, 1.9601612903225802, 1.733030107526882, 1.4043010752688174, 
mt0011945841, 1.8295006802721088, 1.696438095238096, 1.5510204081632641, 
mt0011946105, 1.8355914529914539, 1.6171042735042735, 1.634188034188034, 
mt0011948806, 1.9068954545454553, 1.6177818181818184, 1.7200000000000002, 
mt0011956521, 1.7921778350515474, 1.717634536082474, 1.6505154639175235, 
mt0011957377, 1.8419444444444446, 1.8028864197530863, 1.795061728395062, 
mt0011959121, 1.8630833992094868, 1.7470905138339923, 1.617391304347826, 
mt0011961925, 1.8406400000000012, 1.6726569230769237, 1.5353846153846151, 
mt0011970605, 2.044876136363637, 1.6962795454545456, 1.3431818181818185, 
mt0011973119, 2.0545413223140505, 1.7407082644628116, 1.6942148760330573, 
mt0011979536, 1.9708722222222217, 1.6858861111111105, 1.6083333333333338, 
mt0011979967, 1.916686486486486, 1.7358135135135135, 1.5837837837837838, 
mt0011981818, 1.8771618320610692, 1.6748946564885496, 1.6900763358778623, 
mt0011991382, 1.8561336363636367, 1.6644618181818185, 1.6854545454545455, 
mt0011996183, 1.8390060606060612, 1.658121212121212, 1.4888888888888896, 
mt0011997438, 1.8260448979591835, 1.6173238095238096, 1.7959183673469377, 
mt0011997917, 1.9564762500000017, 1.697465833333332, 1.5608333333333302, 
mt0011999842, 1.8968112359550557, 1.7061061797752801, 1.6078651685393255, 
mt0012000832, 1.978985840707965, 1.6437203539823018, 1.6442477876106194, 
mt0012005920, 2.075683265306123, 1.8079371428571422, 1.6432653061224494, 
mt0012009054, 1.9530537190082657, 1.66735041322314, 1.9652892561983457, 
mt0012014382, 1.904864661654139, 1.691043358395991, 1.5548872180451139, 
mt0012021165, 2.001525274725275, 1.6464010989010984, 1.8285714285714296, 
mt0012022228, 1.861809604519774, 1.75893615819209, 1.6949152542372872, 
mt0012022863, 2.122251162790697, 1.6305232558139537, 1.8697674418604648, 
mt0012028572, 1.8117992592592593, 1.641613827160494, 1.549629629629629, 
mt0012030545, 1.824838461538461, 1.7267435164835157, 1.533186813186812, 
mt0012030591, 1.902868095238095, 1.7670657142857145, 1.8142857142857143, 
mt0012031327, 1.836105860805861, 1.7007732600732581, 1.6322344322344313, 
mt0012033786, 1.8770592255125298, 1.6967070615034143, 1.502961275626424, 
mt0012034242, 1.9388623115577894, 1.6716271356783907, 1.6170854271356783, 
mt0012034674, 1.8051795731707323, 1.6771076219512173, 1.5859756097560966, 
mt0012035583, 1.8587499999999986, 1.629283644859812, 1.7906542056074757, 
mt0012102419, 1.9148396551724143, 1.7265163793103446, 1.4844827586206892, 
mt0012212462, 1.94422925170068, 1.6517680272108832, 1.5727891156462581, 
mt0012261937, 1.9042626506024092, 1.6135831325301206, 1.6024096385542173, 
mt0012273840, 1.7273237113402065, 1.57951030927835, 1.6247422680412364, 
mt0012334245, 1.9717750000000012, 1.713676612903226, 1.6709677419354827, 
mt0012431364, 1.8219303030303031, 1.6312414141414147, 1.7292929292929289, 
mt0012438211, 1.8286067567567568, 1.9092648648648656, 1.824324324324324, 
mt0012459878, 1.9369787234042553, 1.7596106382978716, 1.442553191489362, 
mt0012463267, 1.9018059701492533, 1.7187552238805963, 1.6865671641791051, 
mt0012464432, 1.8562010752688185, 1.6376204301075266, 1.797849462365591, 
mt0012468115, 1.6449874999999998, 1.5366767857142867, 1.385714285714286, 
mt0012477572, 1.7585155339805831, 1.648436893203883, 1.6077669902912624, 
mt0012479132, 1.9280886597938143, 1.702992783505156, 1.7257731958762887, 
mt0012494520, 1.934348529411765, 1.6347779411764716, 1.7470588235294109, 
mt0012494694, 1.937368292682928, 1.6227219512195117, 1.5398373983739835, 
mt0012497627, 1.6772088888888885, 1.5619022222222219, 1.6844444444444446, 
mt0012499168, NaN, NaN, NaN, 
mt0012536672, 2.029778181818182, 1.7424090909090912, 1.5321212121212122, 
mt0012553223, 1.8789349056603777, 1.6059915094339627, 1.6471698113207536, 
mt0012573902, 1.95470103626943, 1.7327119170984457, 1.5813471502590655, 
mt0012576930, 1.9199590443686014, 1.6524819112627973, 1.537883959044368, 
mt0012625300, 1.7799636363636362, 1.6836666666666675, 1.6525252525252525, 
mt0012630337, 1.8377430167597757, 1.684296089385475, 1.7027932960893846, 
mt0012639323, 1.9021899581589954, 1.6333958158995812, 1.6150627615062751, 
mt0012666474, 1.8102494117647063, 1.7307298039215695, 1.5945098039215686, 
mt0012738934, 1.8032608108108117, 1.6023283783783797, 1.3081081081081074, 
mt0012784267, 1.8658607142857155, 1.657713265306122, 1.6688775510204097, 
mt0012809291, 1.9777357142857148, 1.712680612244898, 1.6653061224489796, 
mt0012811141, 1.958056896551724, 1.7514706896551724, 1.686206896551724, 
mt0012823048, 1.8129666666666662, 1.632608333333333, 1.4666666666666666, 
mt0012844418, 1.93725612244898, 1.6828540816326536, 1.56734693877551, 
mt0012863101, 1.8553494071146241, 1.6650652173913048, 1.5517786561264812, 
mt0012928945, 1.7503203389830504, 1.6866864406779658, 1.7220338983050845, 
mt0012930833, 1.775761641221374, 1.7004870229007638, 1.585877862595422, 
mt0012988776, 1.9256666666666673, 1.7131234848484846, 1.706060606060606, 
mt0013028015, 1.8836306878306883, 1.664469841269841, 1.5714285714285696, 
mt0013058008, 1.845711842105264, 1.6573230263157896, 1.6605263157894727, 
mt0013067360, 1.9693824427480922, 1.819238167938932, 1.7206106870228997, 
mt0013069447, 1.9531878048780482, 1.7920951219512198, 1.7097560975609756, 
mt0013070871, 1.8705999999999998, 1.7997716666666663, 1.6566666666666667, 
mt0013073967, 1.957984905660379, 1.7549050314465409, 1.7685534591194958, 
mt0013081766, 1.9974624203821658, 1.7504770700636951, 1.5070063694267508, 
mt0013101577, 1.9215104347826093, 1.7129591304347835, 1.7252173913043478, 
mt0013105517, NaN, NaN, NaN, 
mt0013148928, 1.8796202898550733, 1.6234951690821255, 1.633816425120772, 
mt0013186132, 1.879929943502826, 1.6752519774011294, 1.8203389830508476, 
mt0013200826, 1.8498150000000009, 1.5975312500000005, 1.7600000000000005, 
mt0013201347, 1.8886697368421055, 1.7252460526315792, 1.831578947368421, 
mt0013217284, 1.9110285714285722, 1.6762780952380951, 1.7809523809523802, 
mt0013236693, 1.893292082111436, 1.6898527859237535, 1.6293255131964808, 
mt0013249470, 1.8847176470588243, 1.6216638655462177, 1.6168067226890743, 
mt0013311518, 1.9816117117117111, 1.6853414414414418, 1.4414414414414412, 
mt0013316525, 1.8179425925925914, 1.6465370370370365, 1.468518518518519, 
mt0013425007, 1.8875146067415736, 1.658508988764044, 1.4887640449438193, 
mt0013426445, 1.916181690140846, 1.7149816901408443, 1.7680751173708915, 
mt0013427388, 1.9775749019607844, 1.8219199999999993, 1.5262745098039212, 
mt0013430944, 1.9957588709677423, 1.7301072580645174, 1.6951612903225801, 
mt0013458428, 1.8556833333333336, 1.5697642857142853, 1.2476190476190485, 
mt0013521734, 1.8673870786516855, 1.6438418539325834, 1.4651685393258418, 
mt0013524535, 1.8743208226221095, 1.718500514138816, 1.6611825192802065, 
mt0013602925, 1.826081102362205, 1.7212748031496072, 1.664566929133858, 
mt0013607139, 1.966753623188406, 1.7932753623188418, 1.6652173913043473, 
mt0013610325, 1.878717073170732, 1.703489024390244, 1.8951219512195119, 
mt0013610638, 1.747075, 1.8693799999999998, 1.618571428571428, 
mt0013613711, 1.657764539007093, 1.7683716312056748, 1.7460992907801414, 
mt0013620934, 1.9356054054054048, 1.714838648648649, 1.537297297297297, 
mt0013634470, 1.842162857142858, 1.7646461904761894, 1.7028571428571424, 
mt0013657241, 1.8734412698412692, 1.6887079365079367, 1.5492063492063495, 
mt0013658337, 1.9186863095238094, 1.6543053571428583, 1.6702380952380953, 
mt0013666337, 1.8015272727272729, 1.8461329545454555, 1.570454545454546, 
mt0013667192, 1.7518041237113404, 1.5921835051546398, 1.5195876288659798, 
mt0013751364, 1.833616803953876, 1.6544696869851734, 1.4995057660626074, 
mt0013752990, 1.8369853591160237, 1.6415447513812136, 1.525966850828729, 
mt0013795989, 1.9136012121212114, 1.7069121212121208, 1.499999999999999, 
mt0013805035, 1.9478776595744678, 1.7581297872340427, 1.5617021276595748, 
mt0013868618, 1.8632435000000023, 1.718835499999998, 1.624999999999999, 
mt0013906090, 1.8296121794871805, 1.7762660256410254, 1.7192307692307691, 
mt0013921881, 1.7991905325443802, 1.6656848126232733, 1.5341222879684429, 
mt0013924156, 1.8709968421052634, 1.6236021052631582, 1.6336842105263154, 
mt0013924254, 1.9463005102040825, 1.6339887755102034, 1.799999999999999, 
mt0013925763, 1.849691071428572, 1.6640669642857147, 1.658928571428571, 
mt0013930651, 1.9400776422764228, 1.6818207317073177, 1.6796747967479666, 
mt0013982372, 1.8708919028340072, 1.6537497975708482, 1.549797570850202, 
mt0014005525, 1.8979433846153873, 1.695542153846154, 1.547076923076922, 
mt0014013991, 2.010172580645161, 1.6834104838709678, 1.4403225806451607, 
mt0014035376, 1.924164473684212, 1.6713625000000016, 1.7473684210526306, 
mt0014036337, 2.001309803921568, 1.6810647058823531, 1.654901960784313, 
mt0014097994, 1.719449612403101, 1.6059589147286815, 1.4263565891472874, 
mt0014170517, 1.8476913978494616, 1.7202577956989231, 1.4752688172043003, 
mt0014177219, 1.8338844221105524, 1.6679095477386934, 1.4492462311557788, 
mt0014186292, 1.8924018348623852, 1.6362119266055044, 1.805504587155963, 
mt0014191780, 1.9213638297872335, 1.682743829787232, 1.7710638297872328, 
mt0014581361, 1.8394084745762718, 1.7197881355932199, 1.700564971751413, 
mt0014592892, 1.8908970588235294, 1.6719505882352943, 1.430588235294117, 
mt0014594482, 1.8628013986013991, 1.722781118881119, 1.4615384615384617, 
mt0014664637, 1.8480162939297127, 1.6639738019169308, 1.6920127795527147, 
mt0014678472, 1.941422388059701, 1.670320895522388, 1.498507462686567, 
mt0014693814, 1.8114870967741945, 1.619557258064516, 1.7677419354838704, 
mt0014811209, 1.9767617647058817, 1.693072058823531, 1.7058823529411766, 
mt0014828773, 1.943543103448275, 1.6680689655172414, 1.4758620689655173, 
mt0014829611, 2.0073246268656724, 1.636830597014926, 1.6164179104477612, 
mt0014884525, NaN, NaN, NaN, 
mt0014948707, 1.8327964835164894, 1.8240494505494484, 1.8716483516483535, 
mt0014964772, 1.7838656319290513, 1.6817873614190693, 1.5223946784922384, 
mt0014974957, 1.7640519607843137, 1.6317745098039207, 1.572549019607843, 
mt0014980594, 1.8027830303030308, 1.696066666666667, 1.5054545454545447, 
mt0014998906, 1.8453448979591847, 1.6779522448979585, 1.6089795918367342, 
mt0015015741, 1.9383109947643975, 1.708331413612566, 1.5486910994764396, 
mt0015506396, 1.9646304093567257, 1.6775830409356733, 1.6690058479532155, 
mt0015511866, 1.9591471999999996, 1.7092511999999989, 1.5407999999999997, 
mt0015694671, 1.8828362068965523, 1.7284557471264366, 1.5471264367816076, 
mt0015842101, 1.8811254545454548, 1.6428272727272735, 1.8472727272727272, 
mt0015884121, 2.009930882352941, 1.6235955882352948, 1.7205882352941178, 
mt0015889071, 1.8154937499999997, 1.626062499999999, 1.4791666666666656, 
mt0015940634, 1.8828546874999996, 1.6855734375000009, 1.7093749999999992, 
mt0016764273, 1.8754189743589755, 1.6967389743589731, 1.4933333333333327, 
mt0016770768, 1.9669127962085313, 1.6969132701421799, 1.6947867298578194, 
mt0016874026, NaN, NaN, NaN, 
mt0016911835, 1.8391083333333331, 1.7205200000000003, 1.5100000000000002, 
mt0016918508, 1.9408403669724779, 1.7408272171253816, 1.622018348623853, 
mt0016920843, 2.053330487804879, 1.7335768292682934, 1.5731707317073171, 
mt0016924289, 1.8525548780487808, 1.7720439024390244, 1.6170731707317079, 
mt0016971741, 1.836108016877637, 1.7638451476793249, 1.531645569620252, 
mt0016981735, 1.9877019607843143, 1.7726843137254908, 1.6725490196078432, 
mt0017046405, 1.9485135135135137, 1.7335405405405409, 1.5654054054054045, 
mt0017672742, 1.961821052631579, 1.6372710526315786, 1.6684210526315788, 
mt0017971951, 1.8947724919093865, 1.7555145631067963, 1.5546925566343037, 
mt0018216077, 1.7354932773109248, 1.6790983193277307, 1.6420168067226895, 
mt0018458965, 2.00209082397004, 1.8359677902621694, 1.6093632958801483, 
mt0018713420, 1.87132427536232, 1.6799876811594179, 1.614492753623187, 
mt0020034314, 1.8256033333333341, 1.569440833333334, 1.3699999999999994, 
mt0026519497, 1.7451028340080967, 1.7478817813765164, 1.7238866396761126, 
mt0026624084, 1.7779864864864856, 1.6915081081081078, 1.5837837837837843, 
mt0026625063, 1.8310169811320762, 1.6933044025157238, 1.6528301886792436, 
mt0026681751, 1.805903529411764, 1.651281176470588, 1.5764705882352938, 
mt0026697317, 1.8799668141592913, 1.7115969026548654, 1.7646017699115046, 
mt0026805049, 1.9486179687500003, 1.6184164062500002, 1.512499999999999, 
mt0026813823, 1.9122925373134338, 1.7231104477611943, 1.6208955223880592, 
mt0026814722, 1.760260355029587, 1.6669260355029594, 1.58343195266272, 
mt0026887630, 1.9655946428571431, 1.8054660714285726, 1.6249999999999998, 
mt0026887747, 2.0098534722222214, 1.7383916666666661, 1.7138888888888877, 
mt0026929647, 1.9159662068965508, 1.602089655172414, 1.6717241379310348, 
mt0026938609, 1.8867309090909086, 1.6675818181818185, 1.4527272727272733, 
mt0026953217, 1.9177447916666681, 1.704055729166667, 1.580208333333333, 
mt0026960509, 1.9584912698412702, 1.6535666666666669, 1.615873015873016, 
mt0026963644, 1.9203999999999999, 1.7535090909090911, 1.5727272727272732, 
mt0026964135, 1.9626956989247308, 1.7759258064516126, 1.608602150537635, 
mt0026964820, NaN, NaN, NaN, 
mt0026971941, 1.9422477477477467, 1.657884684684684, 1.5666666666666658, 
mt0026985012, 1.8045396313364066, 1.6517230414746529, 1.5857142857142876, 
mt0026987140, 1.8344637500000005, 1.7431703124999995, 1.642499999999999, 
mt0026997085, 1.818673417721519, 1.6472253164556958, 1.5721518987341776, 
mt0026999750, 2.0031502857142875, 1.6933005714285705, 1.7897142857142867, 
mt0027015161, 1.8505145161290324, 1.6992403225806458, 1.656451612903226, 
mt0027019652, 1.815271578947368, 1.6030378947368427, 1.8147368421052632, 
mt0027026798, 1.827672, 1.6660874285714284, 1.6925714285714286, 
mt0027032503, 1.8127907407407406, 1.7658888888888895, 1.7000000000000002, 
mt0027044563, NaN, NaN, NaN, 
mt0027065447, 2.046518811881188, 1.7050108910891097, 1.679207920792079, 
mt0027066441, 1.917086231884059, 1.6517760869565212, 1.4768115942028985, 
mt0027072382, 1.9166962809917354, 1.7152095041322313, 1.5066115702479315, 
mt0027072516, 1.8527536842105266, 1.5742684210526314, 1.589473684210526, 
mt0027095001, 1.8754871369294606, 1.6581190871369276, 1.640663900414938, 
mt0027141561, 1.8485172413793094, 1.643325287356322, 1.6413793103448278, 
mt0027142171, 1.88353085106383, 1.784218085106383, 1.8191489361702127, 
mt0027149420, 1.9605630662020914, 1.9293905923344963, 1.6648083623693377, 
mt0027288197, 1.7024818181818175, 1.628738961038961, 1.428571428571429, 
mt0027317557, 1.790698469387755, 1.7275566326530607, 1.6153061224489793, 
mt0027517548, 1.9414170103092778, 1.6664360824742264, 1.5783505154639166, 
mt0027535695, 1.9557157894736845, 1.8588763157894737, 1.8105263157894738, 
mt0027639299, 1.8639726190476191, 1.750892857142857, 1.833333333333333, 
mt0027928122, 1.951748701298701, 1.6403071428571427, 1.5558441558441543, 
mt0027963341, 1.9167958333333348, 1.6156674999999994, 1.625, 
mt0028081047, 1.8832589595375722, 1.72848901734104, 1.8381502890173418, 
mt0028160733, 1.9120028089887644, 1.6221460674157295, 1.715730337078651, 
mt0028162218, 1.950103100775194, 1.8003224806201554, 1.648062015503876, 
mt0028210626, 1.9405502793296112, 1.6736184357541906, 1.7106145251396634, 
mt0028241237, 1.958170238095237, 1.695469642857144, 1.5821428571428573, 
mt0028252056, 1.850219219219219, 1.6458522522522505, 1.7039039039039028, 
mt0028315580, 1.9471359375, 1.7378401041666665, 1.481249999999999, 
mt0028359933, 2.0145591397849465, 1.6442537634408603, 1.5139784946236563, 
mt0028372740, 1.8958028571428576, 1.7134100000000003, 1.7685714285714271, 
mt0028405670, 1.9132819875776403, 1.650268322981367, 1.7503105590062114, 
mt0028444679, 1.866398717948719, 1.8120907051282065, 1.7019230769230778, 
mt0028471202, 1.7993758241758235, 1.602186263736264, 1.3670329670329668, 
mt0028559007, 1.842660550458717, 1.6991096330275235, 1.5325688073394519, 
mt0028577577, 1.7915446745562134, 1.7475485207100583, 1.7360946745562145, 
mt0028577920, 1.863135555555555, 1.7386299999999997, 1.7822222222222226, 
mt0028579459, 1.8560116666666673, 1.6850441666666678, 1.5649999999999986, 
mt0028597387, NaN, NaN, NaN, 
mt0028610411, 1.8739409836065573, 1.7422836065573772, 1.7213114754098364, 
mt0028612037, 1.944187058823529, 1.6578788235294115, 1.4823529411764707, 
mt0028613860, 2.0075322222222223, 1.7329649999999999, 1.7055555555555553, 
mt0028617797, 1.8228268292682923, 1.7198182926829266, 1.6512195121951223, 
mt0028620567, 1.7641937106918222, 1.6768597484276748, 1.4188679245283018, 
mt0028641493, 1.897804022988506, 1.7272126436781607, 1.5816091954022984, 
mt0028666183, 2.114661538461537, 1.991453846153846, 1.2256410256410264, 
mt0028693965, 1.9194876106194696, 1.701805309734514, 1.4477876106194691, 
mt0028694615, 1.7337232432432428, 1.5945897297297291, 1.5210810810810809, 
mt0028703201, 1.851011876484561, 1.7287757719714965, 1.612351543942995, 
mt0028706391, 1.8805576923076912, 1.8617945054945055, 1.4351648351648345, 
mt0028723154, 1.9999257668711683, 1.7642656441717801, 1.5803680981595072, 
mt0028741126, 1.9616468468468475, 1.6779297297297298, 1.639639639639639, 
mt0028754256, 1.8125776397515532, 1.6667267080745338, 1.6124223602484462, 
mt0028772639, 1.8971539877300632, 1.6295619631901845, 1.706748466257668, 
mt0028782832, 1.8590483870967756, 1.6304322580645163, 1.7709677419354832, 
mt0028798040, 1.7581119170984456, 1.7202875647668388, 1.6911917098445588, 
mt0028801510, 1.8190388157894741, 1.6677190789473693, 1.4934210526315783, 
mt0028810869, 1.8706809523809527, 1.696826984126984, 1.7238095238095237, 
mt0028813190, 1.8345902985074638, 1.7134059701492543, 1.8447761194029844, 
mt0028925413, 1.9113700892857153, 1.7222330357142857, 1.677678571428569, 
mt0029033727, 1.8169265957446805, 1.8153095744680856, 1.9617021276595745, 
mt0029117729, 1.9307488888888895, 1.7527568888888883, 1.5626666666666646, 
mt0029143372, 1.937132291666667, 1.681585416666666, 1.470833333333332, 
mt0029173992, 1.8213253246753258, 1.727335714285714, 1.5792207792207793, 
mt0029174947, 1.8188024475524471, 1.6920433566433577, 1.474825174825174, 
mt0029196396, 1.8646780487804868, 1.7339707317073174, 1.8000000000000003, 
mt0029425340, 1.7809879432624118, 1.814909219858156, 1.8326241134751764, 
mt0029663410, 1.9025878378378385, 1.771181531531532, 1.5270270270270252, 
mt0029849505, 1.913003870967743, 1.6439103225806446, 1.783225806451612, 
mt0029928379, 1.953642000000001, 1.7070180000000001, 1.6900000000000004, 
mt0029934416, 1.931535148514851, 1.6670658415841573, 1.6663366336633647, 
mt0029990383, 1.8952978947368424, 1.630508421052632, 1.360000000000001, 
mt0030144567, 1.8320409836065574, 1.7266918032786882, 1.3180327868852453, 
mt0030182539, 2.0013972972972973, 1.7933765765765768, 1.5999999999999996, 
mt0030182973, 1.8184845238095233, 1.6573269841269835, 1.6071428571428572, 
mt0030200290, 1.8440180212014152, 1.650458303886926, 1.5272084805653698, 
mt0030218668, 1.8279695852534543, 1.6829009216589865, 1.6331797235023047, 
mt0030235030, 1.8546355769230776, 1.6804269230769235, 1.736538461538461, 
mt0030237522, 1.826687142857143, 1.6567571428571433, 1.5714285714285714, 
mt0030291135, 1.8136383673469394, 1.6470902040816326, 1.744489795918367, 
mt0030293411, 1.7814375000000005, 1.6164730263157894, 1.6197368421052625, 
mt0030296501, 1.9313865030674855, 1.7026220858895702, 1.5570552147239245, 
mt0030307303, 1.9411244705882362, 1.6935849411764705, 1.6880000000000024, 
mt0030341894, 1.9356493902439031, 1.6823146341463409, 1.498780487804876, 
mt0030345800, 1.8533484375000002, 1.6342046874999998, 1.7062500000000003, 
mt0030358424, 1.926033544303798, 1.8341626582278479, 1.531645569620253, 
mt0030364825, 1.9491191011235942, 1.7211176029962532, 1.5146067415730318, 
mt0030365207, 1.851821962616823, 1.727740186915887, 1.5233644859813074, 
mt0030393070, 1.8202836065573778, 1.6486229508196721, 1.4327868852459018, 
mt0030409583, 1.8298078260869577, 1.6801243478260874, 1.6504347826086962, 
mt0030410421, 1.8516133928571432, 1.7101750000000002, 1.769642857142857, 
mt0030415861, 1.7139536231884056, 1.7721869565217394, 1.7884057971014489, 
mt0030423003, 1.8040915384615386, 1.7011769230769231, 1.7723076923076921, 
mt0030447899, 1.7521301369863012, 1.7132986301369868, 1.6191780821917812, 
mt0030450341, 1.745857333333333, 1.6907786666666667, 1.6933333333333334, 
mt0030450540, 2.0419500000000017, 1.7731134146341463, 1.684146341463415, 
mt0030478682, 1.8788588235294115, 1.6804470588235296, 1.6988235294117644, 
mt0030522929, 1.8005705521472393, 1.6908883435582822, 1.7300613496932515, 
mt0030597498, 2.094010769230769, 1.782753846153847, 1.7815384615384613, 
mt0030659210, 1.815268, 1.6833890000000005, 1.6879999999999997, 
mt0030998277, 1.8969201058201066, 1.6507629629629628, 1.7216931216931204, 
mt0031346947, 1.960582777777778, 1.7118383333333336, 1.5977777777777769, 
mt0031593348, 1.8384725225225214, 1.6894653153153145, 1.412612612612612, 
mt0031642553, 1.816798536585366, 1.662545365853658, 1.6975609756097558, 
mt0031649707, 1.8858327365728897, 1.7127245524296684, 1.6102301790281337, 
mt0031654615, 1.8577097046413502, 1.6812510548523205, 1.5999999999999988, 
mt0031661331, 1.8301323943661976, 1.9100169014084507, 1.4169014084507048, 
mt0031664663, 1.8248954423592492, 1.6720107238605897, 1.7061662198391436, 
mt0031717218, 1.786688461538462, 1.74290934065934, 1.8021978021978013, 
mt0031770612, 1.9292679611650485, 1.6599766990291258, 1.716504854368931, 
mt0031786216, 1.7925952380952392, 1.7467428571428574, 1.7285714285714282, 
mt0031814638, 2.100794690265486, 1.6768185840707965, 1.4938053097345139, 
mt0031829480, 1.9159145299145306, 1.5924692307692312, 1.767521367521368, 
mt0031833057, 1.8459423529411763, 1.8004811764705888, 1.7647058823529416, 
mt0031842795, 2.089697037037038, 1.7079785185185186, 1.4799999999999986, 
mt0031849680, 1.890949514563108, 1.6046941747572818, 1.6155339805825244, 
mt0031930021, 1.9137379629629632, 1.7807671296296295, 1.63611111111111, 
mt0031934309, 1.9690648000000008, 1.6224496, 1.7423999999999986, 
mt0031938209, 1.9048253968253959, 1.6931642857142868, 1.598412698412698, 
mt0031939166, 2.072211029411765, 1.8283514705882349, 1.4014705882352938, 
mt0031944897, 1.8865592592592602, 1.6978657407407416, 1.572222222222223, 
mt0031961951, 1.80105859030837, 1.6434920704845815, 1.5453744493392059, 
mt0031969852, 1.8726855172413805, 1.727080689655173, 1.489655172413792, 
mt0031984329, 1.7724478260869583, 1.7571652173913048, 1.7304347826086952, 
mt0032029792, 1.838482828282829, 1.7276434343434346, 1.7515151515151512, 
mt0032043051, 1.992982812500001, 1.8043835937500001, 1.4828125000000003, 
mt0032046184, 1.9284675781250022, 1.754493750000003, 1.3242187499999993, 
mt0032048707, 1.9046039215686272, 1.7289480392156868, 1.8176470588235287, 
mt0032048792, 1.9014538095238092, 1.8073347619047606, 1.5580952380952373, 
mt0032050610, 1.9661093333333335, 1.6774506666666664, 1.4826666666666668, 
mt0032050779, 1.7945036363636366, 1.705210909090909, 1.9454545454545455, 
mt0032093408, 1.7913479638009062, 1.6882527149321258, 1.571945701357467, 
mt0032093412, 1.9647115000000026, 1.7645654999999991, 1.6129999999999987, 
mt0032126668, 1.8420016853932604, 1.703325842696629, 1.6999999999999988, 
mt0032148515, 1.8082552083333339, 1.6972114583333349, 1.539583333333334, 
mt0032161399, 1.844886893203883, 1.640047572815533, 1.4300970873786396, 
mt0032286585, 2.0086262068965532, 1.6603882758620698, 1.3765517241379308, 
mt0032377151, 1.9664413173652693, 1.653399401197605, 1.5604790419161674, 
mt0032625143, 1.9407093333333336, 1.667025333333332, 1.6168888888888886, 
mt0032662306, 1.8241270935960576, 1.6169650246305414, 1.6837438423645315, 
mt0032682675, 1.8991030927835053, 1.5950979381443293, 1.696907216494846, 
mt0032756836, 1.8567268817204305, 1.6103365591397854, 1.470967741935484, 
mt0032758143, 1.9968693333333336, 1.7625360000000005, 1.6960000000000004, 
mt0032842657, 1.9098055045871563, 1.6537738532110078, 1.7009174311926591, 
mt0032952200, 1.7964678571428578, 1.7731214285714283, 1.5547619047619032, 
mt0033040210, 1.8363650273224041, 1.7751469945355176, 1.7245901639344263, 
mt0033068643, 1.8442139037433154, 1.685620855614973, 1.68663101604278, 
mt0033195099, 1.8534448275862048, 1.696154741379312, 1.4956896551724124, 
mt0033262547, 2.031768644067798, 1.4911728813559315, 2.1627118644067793, 
mt0033300864, 1.8905274752475243, 1.6927225247524742, 1.6029702970297013, 
mt0033308840, 1.9493790076335884, 1.7119862595419846, 1.6732824427480915, 
mt0033319905, 1.8436864406779674, 1.5896943502824863, 1.5966101694915233, 
mt0033336536, 1.948030813953488, 1.7153122093023256, 1.8197674418604655, 
mt0033350003, 1.9793870129870146, 1.7141785714285707, 1.785714285714285, 
mt0033387992, 1.947475, 1.8222722222222218, 1.4574074074074064, 
mt0033391277, 1.929962, 1.8083039999999995, 1.852, 
mt0033395513, 1.8746390180878563, 1.6976023255813935, 1.6935400516795855, 
mt0033403201, 1.8051037037037034, 1.7015123456790122, 1.6567901234567899, 
mt0033418351, 1.8490339622641516, 1.6525232704402517, 1.4993710691823896, 
mt0033418364, 1.780768918918921, 1.7862022522522518, 1.9936936936936982, 
mt0033430971, 1.8230876666666669, 1.6989556666666654, 1.5353333333333323, 
mt0033431835, 1.8524182857142857, 1.707491428571427, 1.508571428571428, 
mt0033447474, 1.8371773279352217, 1.7065578947368418, 1.4307692307692288, 
mt0033489563, 1.9409785714285717, 1.738898571428571, 1.934285714285714, 
mt0033491767, 1.8282200000000002, 1.7156391304347824, 1.6295652173913031, 
mt0033733581, 1.978985840707965, 1.6437203539823018, 1.6442477876106194, 
mt0033818838, 1.7795009153318087, 1.649596338672767, 1.5798627002288335, 
mt0033850458, 1.8744203703703701, 1.6647759259259258, 1.5481481481481485, 
mt0033906834, 1.8265249999999997, 1.7223038461538458, 1.7538461538461538, 
mt0033938098, 1.891614814814815, 1.6156296296296289, 1.510185185185185, 
mt0033946521, 1.8320643968871582, 1.844972178988331, 1.5587548638132258, 
mt0033974261, 1.8229552083333338, 1.7009494791666668, 1.6010416666666654, 
mt0033994043, 1.9196133333333332, 1.6840311111111106, 1.8222222222222222, 
mt0034152800, 1.823884722222222, 1.679384722222223, 1.6263888888888873, 
mt0034172381, 1.8561148648648647, 1.7075770270270265, 1.6918918918918906, 
mt0034186751, 1.9234468899521535, 1.755055980861243, 1.5416267942583723, 
mt0034194729, 1.9711529126213585, 1.6429281553398043, 1.4912621359223297, 
mt0034203930, 1.8734489473684193, 1.4867757894736846, 1.4957894736842097, 
mt0034259362, 1.7616333333333334, 1.7432645833333336, 1.5562500000000001, 
mt0034260434, 2.124188721804512, 1.8097563909774446, 1.8541353383458636, 
mt0034372255, 1.944678260869565, 1.6445208695652176, 1.5686956521739117, 
mt0034416120, 2.174511904761905, 1.7599214285714284, 1.5285714285714287, 
mt0034430589, 1.8403333333333332, 1.6514083333333334, 1.4527777777777784, 
mt0034560358, 2.082661497326205, 1.7645673796791437, 1.8866310160427802, 
mt0034565350, 1.8142851485148506, 1.6639940594059408, 1.6089108910891081, 
mt0034654725, 1.9144553719008277, 1.6896206611570252, 1.6363636363636367, 
mt0034676314, 1.8968851851851858, 1.7339604938271602, 1.4543209876543204, 
mt0034703413, 1.9598418604651158, 1.7516674418604656, 1.7720930232558147, 
mt0034727357, 1.7629601769911518, 1.7561973451327448, 1.6902654867256635, 
mt0034853967, 1.7916011695906429, 1.617042690058479, 1.5578947368421059, 
mt0034859358, 1.8193208333333335, 1.6319673611111116, 1.7416666666666663, 
mt0034991527, 1.8013453149001546, 1.692093855606759, 1.7213517665130604, 
mt0034992204, 1.9913085271317834, 1.7083279069767456, 1.5224806201550383, 
mt0034992752, 1.9350726993865017, 1.720523619631901, 1.6815950920245404, 
mt0034993257, 1.8833462499999996, 1.6393149999999992, 1.4150000000000003, 
mt0035006958, 1.8947773972602746, 1.6797136986301366, 1.8164383561643827, 
mt0035007239, 1.8258889705882362, 1.6982025735294108, 1.5801470588235285, 
mt0035119161, 1.9023266666666663, 1.6809622222222225, 1.7200000000000009, 
mt0035125522, 1.8536440000000005, 1.7589173333333334, 1.5360000000000005, 
mt0035130484, 1.8266960317460323, 1.724015873015874, 1.7380952380952377, 
mt0035138482, 1.9648573643410834, 1.653563565891472, 1.9046511627906992, 
mt0035228221, 1.9118331983805654, 1.6224955465587043, 1.7692307692307696, 
mt0035233998, 1.8291036697247707, 1.6590412844036695, 1.5669724770642206, 
mt0035240481, 1.9142302670623161, 1.6771652818991092, 1.5091988130563787, 
mt0035644082, 1.8880193181818183, 1.7415829545454549, 1.5068181818181827, 
mt0035644084, 1.838565193370166, 1.6834723756906078, 1.7005524861878452, 
mt0038798715, 1.957868831168832, 1.7622519480519476, 1.7467532467532467, 
