ID, GeneralWeight, Valence, HappinessWeight, SadnessWeight, AngerWeight, FearWeight, DisgustWeight, SurpriseWeight
mt0000008995,1.0,1,1.0,0.26666666666666666,0.1,0.125,0.08888888888888889,0.05333333333333334
mt0000022649,1.0,1,1.0,1.0,0.5,0.5,0.5,0.06153846153846154
mt0000024499,1.0,1,1.0,1.0,0.5,0.5,0.5,0.13333333333333333
mt0000026571,1.0,1,1.0,0.2,0.2,0.18181818181818182,0.04736842105263158,0.06153846153846154
mt0000027422,1.0,-1,0.8,0.8,0.9,1.0,0.7,0.32000000000000006
mt0000030834,1.0,-1,1.0,0.14285714285714285,0.14285714285714285,0.18181818181818182,0.14285714285714285,0.12857142857142856
mt0000031210,1.0,1,1.0,1.0,0.5,0.5,0.5,0.0
mt0000040773,1.0,1,1.0,0.3333333333333333,0.11428571428571428,1.0,0.05,1.0
mt0000042939,1.0,-1,1.0,1.0,1.0,1.0,0.4,1.0
mt0000043184,1.0,1,1.0,0.3333333333333333,0.14285714285714285,0.2571428571428571,0.25,1.0
mt0000045773,1.0,1,1.0,1.0,0.14285714285714285,1.0,1.0,0.05263157894736842
mt0000048600,1.0,1,1.0,1.0,0.08000000000000002,0.16000000000000003,0.18000000000000002,0.06153846153846154
mt0000052463,1.0,1,1.0,0.96,1.0,1.0,1.0,0.42
mt0000053935,1.0,1,1.0,0.8,0.9,0.9,0.7,0.15
mt0000054766,1.0,1,1.0,1.0,0.9,0.9,0.7,0.06153846153846154
mt0000059269,1.0,1,1.0,1.0,0.1,0.125,0.09090909090909091,0.06153846153846154
mt0000063684,0.26666666666666666,1,0.26666666666666666,0.26666666666666666,0.037037037037037035,0.022222222222222223,0.12857142857142856,0.02702702702702703
mt0000067251,1.0,-1,0.13636363636363635,1.0,0.14117647058823532,0.2571428571428571,0.10588235294117647,0.07142857142857142
mt0000082188,1.0,1,1.0,0.26666666666666666,0.05714285714285714,0.125,0.05,0.0
mt0000086428,1.0,1,0.8,0.3333333333333333,0.2,0.06,0.06,0.09000000000000001
mt0000090550,1.0,1,1.0,1.0,0.5,0.5,0.5,0.06153846153846154
mt0000091401,1.0,-1,0.6,0.26666666666666666,1.0,0.2571428571428571,0.18000000000000002,0.02702702702702703
mt0000091781,1.0,-1,1.0,1.0,0.5,1.0,0.5,0.06153846153846154
mt0000092637,1.0,-1,1.0,1.0,0.12857142857142856,0.058823529411764705,0.04736842105263158,0.06153846153846154
mt0000095414,0.42857142857142855,-1,0.026470588235294117,0.42857142857142855,0.0,0.125,0.0,0.0
mt0000103049,1.0,1,1.0,0.26666666666666666,0.07272727272727274,0.08000000000000002,0.0,0.06153846153846154
mt0000103874,1.0,1,1.0,0.26666666666666666,0.15000000000000002,0.11428571428571428,0.08888888888888889,1.0
mt0000105492,1.0,1,1.0,1.0,0.5,0.5,0.5,1.0
mt0000106285,1.0,1,1.0,1.0,0.5,0.5,0.5,0.06153846153846154
mt0000111068,1.0,-1,1.0,1.0,0.225,1.0,0.175,0.02702702702702703
mt0000119701,1.0,1,1.0,0.26666666666666666,0.1,0.0,0.16000000000000003,0.9
mt0000119987,1.0,1,1.0,0.6,1.0,0.2571428571428571,0.25,0.9
mt0000124779,1.0,1,1.0,1.0,0.5,0.5,0.5,0.09000000000000001
mt0000128573,1.0,-1,1.0,1.0,0.13714285714285712,0.30857142857142855,0.11999999999999998,0.02608695652173913
mt0000130807,0.6666666666666666,-1,0.13636363636363635,0.06153846153846154,0.07692307692307693,0.6666666666666666,0.06153846153846154,0.0
mt0000139242,0.9285714285714286,-1,0.26666666666666666,0.8571428571428571,0.26666666666666666,0.7857142857142857,0.18000000000000002,0.06153846153846154
mt0000143859,1.0,-1,0.26666666666666666,1.0,0.5,0.5,0.5,0.0
mt0000144424,1.0,-1,1.0,1.0,0.1,0.0,0.13333333333333333,0.13333333333333333
mt0000145509,1.0,1,1.0,1.0,0.13333333333333333,0.13333333333333333,0.13333333333333333,0.225
mt0000146284,1.0,1,1.0,0.8,0.9,0.9,0.7,0.06153846153846154
mt0000147647,1.0,-1,1.0,1.0,1.0,1.0,0.6,0.18
mt0000151451,1.0,1,1.0,1.0,0.5,0.5,0.5,0.225
mt0000151529,1.0,-1,0.3333333333333333,1.0,0.09090909090909091,0.7857142857142857,0.14285714285714285,0.05333333333333334
mt0000153361,1.0,-1,1.0,0.7,0.35,0.35,0.35,0.016
mt0000162219,1.0,1,1.0,1.0,0.5,0.5,1.0,0.06153846153846154
mt0000164441,1.0,1,1.0,0.3,0.11428571428571428,0.3,0.0,0.06153846153846154
mt0000171421,1.0,-1,1.0,1.0,0.5,0.5,0.5,0.06153846153846154
mt0000171852,1.0,1,1.0,0.06666666666666667,0.1,0.18181818181818182,0.0,0.0
mt0000175597,1.0,-1,1.0,1.0,0.7,1.0,0.7,0.06153846153846154
mt0000185453,1.0,-1,1.0,1.0,0.5,0.5,0.5,0.4
mt0000185601,1.0,-1,1.0,1.0,0.5,0.5,0.5,0.19999999999999998
mt0000186467,1.0,-1,1.0,0.32,1.0,0.09333333333333331,0.5,0.07384615384615385
mt0000191766,1.0,1,1.0,0.06153846153846154,0.12,0.03076923076923077,0.03076923076923077,0.06153846153846154
mt0000192982,1.0,-1,1.0,1.0,0.9,1.0,0.7,0.0
mt0000195705,1.0,1,1.0,0.17777777777777778,0.125,0.12857142857142856,0.06666666666666667,0.125
mt0000214287,1.0,1,1.0,0.3333333333333333,0.049999999999999996,0.26666666666666666,0.6666666666666666,0.06363636363636363
mt0000225806,1.0,1,1.0,0.19999999999999998,0.1,0.07777777777777777,0.0,1.0
mt0000239675,1.0,1,1.0,0.2,0.225,0.225,0.175,0.0
mt0000245808,1.0,1,1.0,1.0,0.6,0.6,0.6,0.15428571428571428
mt0000252574,1.0,1,1.0,1.0,0.7,0.8,0.7,0.06153846153846154
mt0000259235,1.0,1,1.0,0.26666666666666666,0.06923076923076923,0.047058823529411764,0.225,0.06153846153846154
mt0000265621,1.0,1,1.0,0.15,0.09090909090909091,0.18181818181818182,0.15,0.0
mt0000268576,1.0,-1,0.26666666666666666,1.0,0.09090909090909091,0.3,0.9,0.0
mt0000268701,1.0,1,1.0,0.6,0.26666666666666666,0.10666666666666667,0.18000000000000002,0.18000000000000002
mt0000273374,1.0,1,1.0,1.0,0.5,0.5,0.5,0.06153846153846154
mt0000277633,1.0,-1,0.26666666666666666,1.0,0.7,0.8,0.7,0.19999999999999998
mt0000293345,1.0,-1,0.7,0.08181818181818182,0.0625,0.25,0.0625,0.15
mt0000310204,1.0,1,1.0,1.0,0.7,0.8,0.7,0.05714285714285714
mt0000315363,0.8,-1,0.3,0.42857142857142855,0.7,0.8,0.7,0.12857142857142856
mt0000316110,1.0,1,1.0,1.0,0.45,0.45,1.0,0.8
mt0000318206,1.0,-1,0.32,1.0,0.18,1.0,0.03076923076923077,0.27
mt0000320757,1.0,1,1.0,1.0,0.2,0.15,0.18000000000000002,0.045000000000000005
mt0000325093,1.0,1,1.0,1.0,0.14285714285714285,0.11428571428571428,0.16666666666666666,0.06153846153846154
mt0000326433,1.0,1,1.0,0.8,0.9,0.9,0.7,0.06153846153846154
mt0000330045,1.0,1,1.0,0.2,0.1,0.15,0.15,0.06153846153846154
mt0000345937,1.0,-1,1.0,1.0,0.7,1.0,1.0,0.072
mt0000353361,1.0,1,1.0,1.0,0.75,0.75,0.75,0.15
mt0000361419,1.0,-1,1.0,1.0,0.9,1.0,0.7,0.0
mt0000371043,1.0,-1,0.8,1.0,0.9,1.0,0.7,0.02702702702702703
mt0000380971,1.0,1,1.0,0.26666666666666666,0.06923076923076923,0.042105263157894736,0.08888888888888889,0.06153846153846154
mt0000391566,1.0,-1,0.6,1.0,0.125,0.09,0.16000000000000003,0.16000000000000003
mt0000398595,1.0,-1,1.0,1.0,0.9,1.0,1.0,0.06153846153846154
mt0000402499,1.0,-1,0.32,1.0,0.16,0.16,0.9,0.06
mt0000409922,1.0,1,1.0,0.26666666666666666,0.1111111111111111,0.09000000000000001,0.04000000000000001,0.15
mt0000412380,1.0,-1,1.0,1.0,1.0,0.45,1.0,0.26666666666666666
mt0000421504,1.0,-1,0.26666666666666666,1.0,0.125,0.125,0.01875,0.125
mt0000425270,1.0,-1,1.0,1.0,1.0,1.0,1.0,0.18000000000000002
mt0000431226,1.0,-1,1.0,1.0,0.9,0.9,0.7,0.225
mt0000436815,1.0,1,1.0,0.26666666666666666,0.26666666666666666,0.15,0.18000000000000002,0.0
mt0000447539,1.0,1,1.0,0.26666666666666666,0.0,0.0,0.0,0.0
mt0000463371,1.0,1,1.0,1.0,0.5,1.0,0.25,0.1
mt0000464234,1.0,-1,1.0,1.0,1.0,1.0,0.25,1.0
mt0000475876,1.0,-1,0.45,1.0,0.5,0.5,0.5,0.09000000000000001
mt0000489470,1.0,-1,1.0,0.3333333333333333,0.26666666666666666,0.2,0.2,0.06153846153846154
mt0000495842,1.0,1,1.0,0.8,0.4,0.4,0.4,0.06153846153846154
mt0000502143,1.0,-1,0.3333333333333333,0.8571428571428571,0.14285714285714285,0.7857142857142857,0.14285714285714285,1.0
mt0000515256,1.0,-1,1.0,1.0,0.09090909090909091,0.225,0.05,0.0
mt0000518591,1.0,1,1.0,1.0,0.5,0.5,0.5,1.0
mt0000526302,1.0,1,1.0,0.26666666666666666,1.0,0.13333333333333333,0.13333333333333333,0.15428571428571428
mt0000526867,1.0,1,1.0,0.26666666666666666,0.13333333333333333,0.13333333333333333,0.13333333333333333,0.09090909090909091
mt0000530706,0.45,-1,0.45,0.09,0.09090909090909091,0.09,0.0,0.06153846153846154
mt0000552259,1.0,1,1.0,1.0,0.5,0.5,0.5,0.021739130434782608
mt0000553622,1.0,-1,0.26666666666666666,0.4,1.0,0.11666666666666665,0.22499999999999998,0.175
mt0000564376,1.0,-1,1.0,1.0,0.75,0.75,0.75,0.06153846153846154
mt0000567692,1.0,-1,0.16000000000000003,1.0,0.125,0.24000000000000005,0.24000000000000005,0.125
mt0000570966,1.0,1,1.0,1.0,1.0,1.0,0.2,0.06153846153846154
mt0000580738,1.0,-1,1.0,1.0,0.7,1.0,0.7,0.06153846153846154
mt0000592222,1.0,-1,0.26666666666666666,1.0,0.09000000000000001,1.0,0.0625,0.045000000000000005
mt0000599398,1.0,-1,1.0,1.0,0.15,1.0,0.2,0.09000000000000001
mt0000603187,1.0,-1,0.8,0.5,0.2,0.15,0.2,0.12857142857142856
mt0000604234,1.0,-1,1.0,1.0,0.5,1.0,0.2,0.0
mt0000606812,1.0,1,1.0,1.0,0.5,0.5,0.5,0.045000000000000005
mt0000630628,1.0,-1,0.13333333333333333,0.06923076923076923,0.16000000000000003,1.0,0.16666666666666666,0.2
mt0000633351,1.0,1,1.0,0.3333333333333333,0.125,0.125,0.125,0.0
mt0000638424,1.0,1,1.0,0.96,1.0,1.0,0.84,0.18
mt0000638634,1.0,1,1.0,1.0,0.5,0.5,0.5,0.1
mt0000643201,0.8,-1,0.8,0.26666666666666666,0.7,0.8,0.7,0.04081632653061224
mt0000652082,1.0,1,1.0,0.3333333333333333,0.1,0.08181818181818182,0.06666666666666667,0.0
mt0000666429,1.0,-1,1.0,1.0,1.0,0.45,0.45,0.06153846153846154
mt0000667625,1.0,1,1.0,0.1565217391304348,0.4,0.16,0.27,0.12857142857142856
mt0000670865,1.0,-1,1.0,1.0,0.75,1.0,0.75,0.09000000000000001
mt0000685324,1.0,-1,1.0,1.0,0.5,0.5,0.5,0.034999999999999996
mt0000685538,1.0,-1,0.8,1.0,0.2,0.0,0.08888888888888889,0.06153846153846154
mt0000688115,1.0,-1,1.0,1.0,0.5,0.5,0.5,0.05333333333333334
mt0000688312,1.0,-1,0.8,1.0,0.9,0.9,0.7,0.016
mt0000689110,0.6,-1,0.25,0.6,0.08888888888888889,0.15,0.15,0.08888888888888889
mt0000690637,1.0,-1,1.0,1.0,0.4,0.4,1.0,0.06153846153846154
mt0000704913,1.0,-1,1.0,1.0,0.75,0.75,0.75,0.0
mt0000707663,1.0,1,1.0,0.2,0.0,0.0,0.2,0.1125
mt0000712071,1.0,1,1.0,0.09090909090909091,0.1,0.05,0.05,0.0
mt0000714708,0.7142857142857143,-1,0.15,0.19999999999999998,0.14285714285714285,0.15,0.15,0.0
mt0000720686,1.0,1,1.0,0.26666666666666666,0.18000000000000002,0.08181818181818182,0.045454545454545456,0.0
mt0000721873,1.0,1,1.0,0.135,0.1,0.125,0.049999999999999996,0.045000000000000005
mt0000728975,1.0,1,1.0,1.0,0.13333333333333333,0.13333333333333333,0.13333333333333333,0.05333333333333334
mt0000734482,0.9,-1,0.8,0.8,0.9,0.9,0.7,0.07142857142857142
mt0000744293,0.8,-1,0.8,0.2222222222222222,0.09090909090909091,0.21428571428571427,0.2,0.16666666666666666
mt0000747666,1.0,1,1.0,1.0,0.5,1.0,0.5,0.225
mt0000753074,1.0,1,1.0,0.23529411764705882,0.225,0.225,0.175,0.02702702702702703
mt0000766316,1.0,1,1.0,1.0,0.5,0.5,0.5,0.3
mt0000775053,1.0,1,1.0,0.26666666666666666,0.11428571428571428,0.2571428571428571,0.05,0.15
mt0000776108,1.0,-1,0.8,1.0,0.2,0.1125,0.05,0.06153846153846154
mt0000783307,1.0,-1,0.5,0.3333333333333333,1.0,0.26666666666666666,1.0,1.0
mt0000787002,1.0,-1,1.0,1.0,0.14117647058823532,1.0,0.10588235294117647,0.0
mt0000789330,1.0,1,1.0,0.26666666666666666,0.13333333333333333,0.13333333333333333,0.13333333333333333,0.12857142857142856
mt0000814289,1.0,-1,1.0,1.0,0.1,0.18181818181818182,0.025,0.021739130434782608
mt0000832464,1.0,-1,1.0,1.0,0.9,0.9,0.7,0.06153846153846154
mt0000842929,1.0,1,1.0,1.0,0.5,0.5,0.5,0.6000000000000001
mt0000844574,1.0,-1,1.0,1.0,0.5,0.5,0.5,0.06153846153846154
mt0000847731,1.0,1,0.6,1.0,0.11428571428571428,0.2571428571428571,0.0,0.0
mt0000850050,0.9,-1,0.8,0.8,0.9,0.9,0.7,0.016
mt0000851865,0.6,1,0.6,0.26666666666666666,0.26666666666666666,0.2571428571428571,0.18000000000000002,0.032432432432432434
mt0000853072,1.0,-1,1.0,1.0,0.5,0.16000000000000003,0.16000000000000003,0.04
mt0000857760,0.6666666666666666,-1,0.0,0.06153846153846154,0.07692307692307693,0.6666666666666666,0.06153846153846154,0.0
mt0000863232,1.0,-1,1.0,0.26666666666666666,0.11428571428571428,0.21428571428571427,0.12857142857142856,0.07142857142857142
mt0000871290,1.0,1,1.0,0.26666666666666666,0.13333333333333333,0.2571428571428571,1.0,0.06153846153846154
mt0000874328,0.75,1,0.6,0.14814814814814814,0.09000000000000001,0.09000000000000001,0.05,0.045000000000000005
mt0000874482,0.75,-1,0.26666666666666666,0.3333333333333333,0.5,0.13999999999999999,0.2,0.06153846153846154
mt0000875199,1.0,-1,1.0,1.0,1.0,1.0,0.16000000000000003,0.15
mt0000875520,1.0,-1,0.26666666666666666,1.0,0.14285714285714285,0.14285714285714285,0.14285714285714285,0.06363636363636363
mt0000878275,1.0,-1,0.13636363636363635,1.0,0.125,0.2571428571428571,1.0,0.06153846153846154
mt0000886390,1.0,-1,1.0,0.8,0.9,0.9,0.7,0.06153846153846154
mt0000889229,1.0,1,1.0,1.0,0.06818181818181818,0.13999999999999999,0.09090909090909091,0.15
mt0000895905,1.0,-1,0.15,1.0,0.09090909090909091,1.0,0.15,0.06153846153846154
mt0000903225,1.0,-1,1.0,1.0,0.11428571428571428,1.0,0.4,0.06153846153846154
mt0000927561,1.0,-1,0.225,1.0,0.1111111111111111,0.058823529411764705,0.45,0.0
mt0000931402,1.0,-1,1.0,1.0,0.9,1.0,0.7,0.0
mt0000948111,1.0,-1,1.0,1.0,1.0,0.45,0.45,0.06153846153846154
mt0000950090,1.0,1,1.0,0.26666666666666666,0.13333333333333333,0.13333333333333333,0.13333333333333333,0.05333333333333334
mt0000951610,1.0,-1,1.0,1.0,0.5,0.5,0.5,0.16666666666666666
mt0000968326,0.4444444444444444,-1,0.19999999999999998,0.19999999999999998,0.09090909090909091,0.07777777777777777,0.08888888888888889,0.06153846153846154
mt0000971800,1.0,1,1.0,0.26666666666666666,0.225,0.2857142857142857,0.175,0.16000000000000003
mt0000983092,1.0,-1,1.0,1.0,0.5,0.5,0.5,0.4
mt0001020011,1.0,1,1.0,0.02903225806451613,0.13333333333333333,0.13333333333333333,0.0,0.02903225806451613
mt0001030436,1.0,1,1.0,0.016,0.175,0.013999999999999999,0.2,0.016
mt0001032211,0.26666666666666666,1,0.2,0.2,0.05625,0.11428571428571428,0.05,0.0
mt0001043721,1.0,-1,1.0,1.0,1.0,1.0,1.0,1.0
mt0001062700,1.0,1,1.0,1.0,0.5,0.5,0.5,0.02702702702702703
mt0001073553,1.0,-1,1.0,1.0,0.12857142857142856,1.0,0.2,0.19999999999999998
mt0001096019,1.0,-1,1.0,1.0,0.5,0.5,0.5,0.06153846153846154
mt0001101467,1.0,-1,1.0,1.0,1.0,0.6,1.0,1.0
mt0001102610,0.9,-1,0.8,0.8,0.9,0.9,0.7,0.02702702702702703
mt0001104467,1.0,1,0.6666666666666666,0.26666666666666666,0.13333333333333333,0.225,0.13333333333333333,1.0
mt0001106114,1.0,-1,1.0,1.0,0.24,0.36,0.36,0.12857142857142856
mt0001117815,1.0,1,1.0,1.0,0.7,1.0,0.7,0.09000000000000001
mt0001126926,1.0,-1,0.09999999999999999,1.0,0.08307692307692308,0.07777777777777777,0.0225,0.07384615384615385
mt0001137053,0.75,-1,0.09999999999999999,0.135,0.09000000000000001,0.1125,0.05,0.045000000000000005
mt0001141875,1.0,-1,1.0,1.0,0.09090909090909091,0.1125,0.04736842105263158,0.09000000000000001
mt0001152664,0.6,1,0.6,0.06153846153846154,0.03076923076923077,0.03076923076923077,0.03076923076923077,0.11428571428571428
mt0001153847,0.625,-1,0.45,0.26666666666666666,0.08888888888888889,0.125,0.08888888888888889,0.19999999999999998
mt0001157069,1.0,-1,0.8,1.0,0.9,1.0,0.7,0.04
mt0001193202,1.0,-1,1.0,1.0,0.09000000000000001,0.25,0.25,0.06153846153846154
mt0001194164,1.0,-1,1.0,1.0,0.5,1.0,0.5,0.225
mt0001202986,1.0,1,1.0,0.26666666666666666,0.2,0.2571428571428571,0.08888888888888889,0.06153846153846154
mt0001232924,1.0,1,1.0,1.0,0.5,0.5,0.5,0.0
mt0001236337,1.0,1,1.0,1.0,0.2,1.0,0.05714285714285715,0.06153846153846154
mt0001243097,1.0,-1,1.0,1.0,0.9,1.0,0.7,0.3
mt0001265984,1.0,1,1.0,0.8,1.0,0.8,0.26666666666666666,0.021739130434782608
mt0001266436,1.0,1,0.9,1.0,0.5,0.5,0.5,0.06153846153846154
mt0001277283,1.0,1,1.0,0.13333333333333333,0.06666666666666667,0.06666666666666667,0.06666666666666667,0.15
mt0001297031,1.0,1,1.0,0.26666666666666666,0.13333333333333333,0.13333333333333333,0.13333333333333333,0.06153846153846154
mt0001298241,1.0,1,1.0,0.26666666666666666,0.6666666666666666,0.15,0.26666666666666666,0.09999999999999999
mt0001305550,1.0,1,1.0,1.0,0.13333333333333333,0.16000000000000003,0.16000000000000003,0.09000000000000001
mt0001321861,1.0,1,1.0,1.0,1.0,1.0,0.8999999999999999,0.10909090909090909
mt0001353828,1.0,-1,1.0,1.0,1.0,1.0,0.7,0.35
mt0001356476,1.0,1,1.0,1.0,0.5,0.5,0.5,0.15
mt0001356637,1.0,-1,1.0,1.0,0.5,0.5,0.5,0.06153846153846154
mt0001361436,1.0,-1,0.6,0.6,1.0,0.45,0.45,0.08000000000000002
mt0001369981,1.0,1,1.0,1.0,0.5,0.5,0.5,0.06153846153846154
mt0001372070,1.0,-1,0.06923076923076923,1.0,0.5,0.5,0.5,0.3
mt0001374103,1.0,1,1.0,1.0,0.75,0.8,0.8,0.021739130434782608
mt0001383277,1.0,1,1.0,0.35294117647058826,1.0,0.16666666666666666,1.0,1.0
mt0001385947,1.0,-1,0.8,0.8,0.9,0.9,0.7,0.06153846153846154
mt0001393272,1.0,1,1.0,0.26666666666666666,0.13333333333333333,0.15,0.15,0.12857142857142856
mt0001395462,1.0,1,0.8571428571428571,0.26666666666666666,0.13333333333333333,0.13333333333333333,0.13333333333333333,0.15
mt0001397431,1.0,-1,0.72,1.0,1.0,0.96,0.0,0.0
mt0001453285,1.0,1,1.0,0.2,0.1,0.05555555555555555,0.0,0.0
mt0001469090,1.0,-1,1.0,0.35294117647058826,0.14117647058823532,0.2571428571428571,0.11428571428571428,0.11428571428571428
mt0001473158,1.0,-1,1.0,0.6,1.0,1.0,1.0,0.1125
mt0001481574,1.0,1,1.0,1.0,0.225,1.0,0.75,0.034999999999999996
mt0001497786,1.0,1,1.0,0.3333333333333333,0.13333333333333333,0.13333333333333333,0.13333333333333333,0.06153846153846154
mt0001509615,0.50625,-1,0.08000000000000002,0.17777777777777778,0.05,0.125,0.04285714285714286,0.15
mt0001518335,1.0,-1,0.19999999999999998,0.6,1.0,0.225,0.225,0.02702702702702703
mt0001522985,1.0,1,1.0,1.0,1.0,0.9,0.7,0.05333333333333334
mt0001531856,1.0,-1,1.0,0.26666666666666666,1.0,1.0,1.0,0.0
mt0001531906,1.0,1,1.0,0.26666666666666666,0.09090909090909091,0.058823529411764705,0.0,0.0
mt0001535201,1.0,-1,1.0,1.0,0.7,0.8,0.7,0.06153846153846154
mt0001566152,1.0,-1,1.0,1.0,0.1,0.7857142857142857,0.09090909090909091,0.0
mt0001578777,1.0,-1,0.26666666666666666,1.0,0.07272727272727274,1.0,0.1,0.0
mt0001590201,1.0,-1,0.26666666666666666,1.0,0.26666666666666666,1.0,0.26666666666666666,0.6666666666666666
mt0001595082,1.0,-1,0.48,0.8,1.0,1.0,0.84,0.19200000000000003
mt0001598710,1.0,-1,0.26666666666666666,1.0,1.0,0.2571428571428571,0.175,0.16666666666666666
mt0001608358,1.0,1,1.0,1.0,0.225,0.225,0.175,0.07142857142857142
mt0001608499,1.0,-1,1.0,0.26666666666666666,0.06666666666666667,0.6666666666666666,1.0,0.3
mt0001609043,1.0,-1,1.0,1.0,1.0,0.8,0.7,0.12857142857142856
mt0001610102,1.0,-1,0.26666666666666666,1.0,0.14285714285714285,0.22857142857142856,0.14285714285714285,0.02592592592592592
mt0001612417,1.0,-1,1.0,1.0,1.0,0.9,0.7,0.06153846153846154
mt0001634305,1.0,1,1.0,1.0,0.5,0.5,0.5,0.12857142857142856
mt0001638394,0.75,-1,0.5,0.08571428571428572,0.16666666666666666,0.0761904761904762,0.16666666666666666,0.12857142857142856
mt0001641165,1.0,-1,1.0,0.72,1.0,1.0,0.48,1.0
mt0001646256,0.8,-1,0.13636363636363635,0.3333333333333333,0.7,0.8,0.7,0.0
mt0001653728,1.0,1,1.0,0.4,0.06923076923076923,0.14285714285714285,0.12857142857142856,0.075
mt0001658982,1.0,-1,0.09090909090909091,1.0,0.09090909090909091,0.013999999999999999,0.09999999999999999,0.02702702702702703
mt0001664577,1.0,-1,1.0,1.0,0.4,0.25,1.0,0.075
mt0001698737,1.0,1,1.0,0.14814814814814814,0.09090909090909091,0.05,0.05,0.0
mt0001710592,1.0,-1,1.0,1.0,1.0,1.0,0.4,0.07692307692307693
mt0001722508,1.0,1,1.0,1.0,0.11428571428571428,0.2571428571428571,0.11428571428571428,0.06153846153846154
mt0001753032,1.0,1,1.0,0.18000000000000002,0.1,0.058823529411764705,0.05555555555555555,0.09000000000000001
mt0001779167,1.0,1,1.0,1.0,0.225,0.6666666666666666,0.3333333333333333,0.045000000000000005
mt0001802833,1.0,1,1.0,1.0,0.15428571428571428,0.06857142857142856,0.10666666666666667,0.07384615384615385
mt0001832838,1.0,-1,1.0,1.0,0.5,0.5,0.5,0.06153846153846154
mt0001839466,1.0,-1,0.8,1.0,0.9,0.9,0.7,0.06153846153846154
mt0001863823,1.0,-1,1.0,0.26666666666666666,0.14285714285714285,0.26666666666666666,0.26666666666666666,0.15
mt0001866808,1.0,-1,1.0,1.0,0.5,0.5,0.5,0.06153846153846154
mt0001879903,1.0,1,1.0,1.0,1.0,0.5,0.5,0.19999999999999998
mt0001891260,1.0,-1,1.0,1.0,0.9,0.9,1.0,0.0
mt0001921677,1.0,1,1.0,0.3333333333333333,0.1,0.12857142857142856,0.12857142857142856,0.0
mt0001927015,1.0,-1,0.2571428571428571,0.14285714285714285,1.0,0.14285714285714285,0.14285714285714285,0.0
mt0001943830,1.0,-1,1.0,1.0,0.0,0.16000000000000003,0.9,0.0
mt0001967655,1.0,-1,1.0,1.0,1.0,1.0,1.0,0.1125
mt0001972829,1.0,1,1.0,0.26666666666666666,0.07272727272727274,0.07777777777777777,0.2333333333333333,0.0
mt0001992879,1.0,-1,0.26666666666666666,1.0,0.7894736842105263,1.0,0.09999999999999999,0.1125
mt0002014752,1.0,1,1.0,1.0,0.5,0.5,0.5,0.07142857142857142
mt0002024741,1.0,1,1.0,0.7,0.9,0.9,0.175,0.8
mt0002034238,1.0,1,1.0,1.0,0.5,0.5,0.5,0.06153846153846154
mt0002060109,1.0,1,1.0,0.8,0.4,0.4,1.0,0.0
mt0002067509,1.0,-1,1.0,1.0,0.5,0.8,0.8,0.06153846153846154
mt0002070314,1.0,-1,1.0,0.32,0.16000000000000003,0.2571428571428571,0.24,0.18000000000000002
mt0002164399,1.0,-1,1.0,1.0,0.9,1.0,1.0,0.06153846153846154
mt0002177145,1.0,-1,0.8,0.26666666666666666,1.0,0.25,0.26666666666666666,0.06153846153846154
mt0002179342,1.0,-1,1.0,0.96,1.0,1.0,0.84,1.0
mt0002219182,1.0,-1,0.44999999999999996,1.0,0.7,0.8,0.7,0.06153846153846154
mt0002225477,1.0,-1,0.6666666666666666,1.0,1.0,1.0,1.0,0.3
mt0002238737,0.9166666666666666,-1,0.26666666666666666,0.16666666666666666,0.11428571428571428,0.25,0.09999999999999999,0.26666666666666666
mt0002239079,1.0,-1,1.0,1.0,1.0,0.6666666666666666,1.0,0.26666666666666666
mt0002240771,1.0,1,1.0,0.26666666666666666,0.052941176470588235,0.07692307692307693,0.0,0.07142857142857142
mt0002260787,0.4090909090909091,-1,0.13636363636363635,0.16000000000000003,0.09000000000000001,0.09090909090909091,0.4,0.09000000000000001
mt0002272314,1.0,-1,1.0,1.0,0.7,1.0,0.7,0.8
mt0002325544,1.0,1,1.0,1.0,0.5,0.5,0.5,0.0
mt0002337555,1.0,-1,0.16000000000000003,0.19999999999999998,0.9,0.07777777777777777,0.5,0.225
mt0002343160,1.0,1,1.0,1.0,0.14285714285714285,0.2571428571428571,0.16666666666666666,0.22857142857142856
mt0002343207,1.0,1,1.0,1.0,0.5,0.5,0.5,0.225
mt0002355518,1.0,1,1.0,1.0,1.0,1.0,0.5,1.0
mt0002358457,1.0,1,1.0,0.23529411764705882,0.225,0.225,0.175,0.06153846153846154
mt0002359628,0.75,-1,0.6,0.3333333333333333,0.13333333333333333,0.13333333333333333,0.4,0.35
mt0002360219,1.0,1,1.0,0.26666666666666666,0.1,0.0,0.021621621621621623,0.06153846153846154
mt0002371970,1.0,1,1.0,0.16000000000000003,0.0,0.0,0.30000000000000004,0.0
mt0002374117,1.0,1,1.0,0.26666666666666666,0.2,0.15,0.15,0.09090909090909091
mt0002390941,1.0,-1,1.0,1.0,0.5,0.7857142857142857,0.5,0.09090909090909091
mt0002549047,1.0,-1,1.0,1.0,0.5,0.5,0.5,0.02702702702702703
mt0002619035,1.0,-1,1.0,1.0,0.1,1.0,0.26666666666666666,0.09090909090909091
mt0002655864,1.0,-1,0.8,0.8,1.0,1.0,1.0,1.0
mt0002662293,1.0,-1,0.6,1.0,1.0,1.0,1.0,0.1
mt0002672499,1.0,-1,1.0,0.6,0.09090909090909091,0.21428571428571427,0.08888888888888889,0.07142857142857142
mt0002675791,0.2222222222222222,-1,0.1111111111111111,0.06923076923076923,0.06923076923076923,0.07692307692307693,0.0,0.06153846153846154
mt0002714093,0.6,-1,0.125,0.3333333333333333,0.15,0.2571428571428571,0.045000000000000005,0.09000000000000001
mt0002737189,1.0,-1,0.6,1.0,0.225,0.225,0.175,0.052941176470588235
mt0002749253,1.0,-1,1.0,1.0,0.7,0.8,0.7,0.02702702702702703
mt0002784741,1.0,-1,1.0,1.0,1.0,0.225,0.225,0.19999999999999998
mt0002786674,1.0,-1,1.0,1.0,0.7999999999999999,0.18,0.18,0.27
mt0002803746,1.0,1,1.0,0.18947368421052632,0.25,0.15,0.32000000000000006,0.32000000000000006
mt0002810052,1.0,-1,1.0,1.0,0.7894736842105263,0.7857142857142857,1.0,0.06153846153846154
mt0002842988,1.0,-1,0.35294117647058826,1.0,1.0,0.25,0.11428571428571428,1.0
mt0002872113,1.0,1,0.9,0.09090909090909091,0.11428571428571428,0.125,0.04,0.016
mt0002903697,1.0,-1,0.26666666666666666,0.26666666666666666,0.14285714285714285,0.14285714285714285,0.14285714285714285,1.0
mt0002939380,1.0,-1,1.0,1.0,1.0,0.21428571428571427,0.14285714285714285,1.0
mt0002949712,1.0,-1,1.0,0.6,1.0,0.4,0.4,0.125
mt0002951965,1.0,1,1.0,0.44999999999999996,1.0,0.2571428571428571,0.22499999999999998,0.15
mt0002962258,1.0,1,1.0,0.6,1.0,0.45,0.45,0.16666666666666666
mt0003025373,1.0,1,1.0,0.3333333333333333,0.12857142857142856,0.2571428571428571,0.1125,0.06153846153846154
mt0003038205,1.0,-1,0.1111111111111111,1.0,0.06923076923076923,0.15,0.15,0.06153846153846154
mt0003041246,1.0,1,0.2333333333333333,1.0,0.5,0.5,0.5,0.09000000000000001
mt0003059710,0.8333333333333334,-1,0.72,0.32,0.15,0.11666666666666665,0.10666666666666667,0.21818181818181817
mt0003067607,0.4263157894736842,1,0.28421052631578947,0.26666666666666666,0.037037037037037035,0.05263157894736842,0.04736842105263158,0.0
mt0003085925,1.0,1,1.0,1.0,0.25,1.0,0.25,0.12
mt0003087857,1.0,1,1.0,1.0,0.26666666666666666,1.0,0.18000000000000002,0.3
mt0003108238,0.75,1,0.75,0.02857142857142857,0.0,0.0,0.0,0.0
mt0003117846,1.0,-1,0.4,1.0,0.5,0.5,0.5,0.11666666666666665
mt0003131435,1.0,1,1.0,1.0,0.5,0.5,0.5,0.6666666666666666
mt0003146944,1.0,1,1.0,0.26666666666666666,0.07272727272727274,0.08000000000000002,0.0,0.06153846153846154
mt0003163405,1.0,-1,1.0,1.0,0.06923076923076923,0.125,0.06666666666666667,0.06153846153846154
mt0003175531,1.0,1,1.0,0.26666666666666666,0.11428571428571428,0.125,0.05714285714285715,0.12857142857142856
mt0003216840,1.0,-1,1.0,1.0,0.26666666666666666,1.0,1.0,1.0
mt0003253576,1.0,-1,1.0,1.0,1.0,1.0,0.4,0.4
mt0003272904,1.0,-1,1.0,1.0,0.14117647058823532,1.0,0.10588235294117647,0.07142857142857142
mt0003287170,0.12857142857142856,-1,0.06153846153846154,0.12857142857142856,0.06923076923076923,0.12857142857142856,0.12857142857142856,0.06363636363636363
mt0003309945,1.0,-1,0.26666666666666666,1.0,0.3333333333333333,1.0,0.175,0.12857142857142856
mt0003343422,1.0,-1,1.0,1.0,0.06923076923076923,0.07692307692307693,0.021621621621621623,0.06153846153846154
mt0003353794,1.0,-1,0.1125,1.0,0.1111111111111111,0.5,0.09090909090909091,0.05333333333333334
mt0003354468,0.9,1,0.9,0.8,0.4,0.4,0.4,0.06153846153846154
mt0003402277,1.0,1,1.0,0.26666666666666666,0.11428571428571428,0.2571428571428571,0.0,0.06153846153846154
mt0003402994,1.0,-1,1.0,1.0,1.0,0.9,1.0,1.0
mt0003408163,1.0,-1,1.0,0.3333333333333333,0.075,0.25,0.06666666666666667,0.075
mt0003440957,0.2222222222222222,-1,0.18181818181818182,0.016,0.16000000000000003,0.16000000000000003,0.058823529411764705,0.021739130434782608
mt0003496132,1.0,-1,0.72,0.36,1.0,1.0,1.0,0.32
mt0003503243,1.0,1,1.0,1.0,1.0,0.5,0.5,0.06153846153846154
mt0003623420,1.0,1,1.0,1.0,0.16,0.16799999999999998,0.075,0.07384615384615385
mt0003649209,1.0,1,1.0,0.09999999999999999,1.0,0.049999999999999996,0.08888888888888889,0.06153846153846154
mt0003663435,1.0,-1,1.0,0.26666666666666666,0.7,0.8,0.7,0.09000000000000001
mt0003759483,1.0,-1,1.0,1.0,0.09000000000000001,1.0,0.1,0.4
mt0003768949,1.0,1,1.0,0.6,1.0,0.034782608695652174,0.021621621621621623,0.02702702702702703
mt0003770678,1.0,-1,0.3333333333333333,1.0,1.0,0.21428571428571427,0.19285714285714284,0.06153846153846154
mt0003791678,1.0,-1,1.0,1.0,0.5,0.5,0.5,0.06153846153846154
mt0003795778,1.0,1,1.0,0.2,0.13333333333333333,0.22857142857142856,0.08888888888888889,0.06153846153846154
mt0003808965,1.0,1,1.0,1.0,0.13333333333333333,1.0,0.13333333333333333,0.06153846153846154
mt0003868349,1.0,-1,0.26666666666666666,1.0,0.06923076923076923,0.13999999999999999,0.05,1.0
mt0003950978,1.0,-1,0.8,1.0,1.0,1.0,1.0,0.19999999999999998
mt0003957022,1.0,1,1.0,0.26666666666666666,0.1,0.09411764705882353,0.0,0.0
mt0003965796,1.0,-1,0.26666666666666666,1.0,0.11428571428571428,0.125,0.12857142857142856,0.19999999999999998
mt0004001989,1.0,1,1.0,1.0,0.12857142857142856,1.0,0.08888888888888889,0.12857142857142856
mt0004005104,0.7142857142857143,-1,0.16000000000000003,0.14814814814814814,0.14285714285714285,0.2571428571428571,0.14285714285714285,0.09090909090909091
mt0004009266,1.0,-1,0.26666666666666666,1.0,0.11428571428571428,0.2571428571428571,0.1125,1.0
mt0004014951,1.0,-1,1.0,0.2,0.26666666666666666,0.16666666666666666,0.18000000000000002,0.06153846153846154
mt0004032349,1.0,-1,1.0,1.0,0.75,1.0,0.75,0.27428571428571424
mt0004036128,0.36000000000000004,-1,0.26666666666666666,0.3333333333333333,0.18000000000000002,0.18000000000000002,0.13999999999999999,0.0
mt0004156130,1.0,1,0.8,1.0,0.5,0.5,0.5,0.2
mt0004157335,1.0,-1,0.8,0.8,0.9,0.9,0.7,1.0
mt0004183911,0.9285714285714286,1,0.8571428571428571,0.32,0.15,0.15,0.15,0.0
mt0004254228,1.0,-1,0.26666666666666666,0.26666666666666666,0.12857142857142856,0.07692307692307693,1.0,0.12857142857142856
mt0004256890,1.0,-1,1.0,1.0,0.7,0.8,0.7,0.225
mt0004263301,1.0,-1,1.0,0.3333333333333333,0.13333333333333333,0.13333333333333333,0.13333333333333333,0.06153846153846154
mt0004335339,1.0,1,1.0,0.125,0.1,0.125,0.0,0.15
mt0004349116,1.0,-1,1.0,1.0,0.12857142857142856,1.0,0.2,0.19999999999999998
mt0004352726,1.0,-1,1.0,1.0,1.0,0.5,0.5,0.12857142857142856
mt0004380082,0.26666666666666666,-1,0.26666666666666666,0.26666666666666666,0.0,0.06,0.01875,0.021739130434782608
mt0004400843,1.0,1,1.0,1.0,1.0,1.0,0.13333333333333333,0.16666666666666666
mt0004444570,1.0,-1,1.0,0.32,0.12,0.6666666666666666,1.0,0.07384615384615385
mt0004485367,1.0,-1,0.32000000000000006,1.0,0.225,0.225,0.175,0.13333333333333333
mt0004489039,1.0,-1,1.0,1.0,0.16666666666666666,1.0,1.0,0.09000000000000001
mt0004506984,1.0,-1,1.0,1.0,0.7,1.0,0.7,1.0
mt0004588191,1.0,1,1.0,0.1565217391304348,0.09090909090909091,0.052173913043478265,0.4,0.35
mt0004644495,1.0,-1,1.0,1.0,0.5,0.5,0.5,0.06153846153846154
mt0004692317,1.0,-1,1.0,1.0,0.7,1.0,0.7,1.0
mt0004692456,1.0,-1,1.0,1.0,0.9,0.9,0.7,0.12857142857142856
mt0004739956,1.0,-1,1.0,0.6,1.0,0.9,0.13333333333333333,0.225
mt0004772896,1.0,-1,1.0,1.0,0.13333333333333333,0.13333333333333333,0.13333333333333333,0.021739130434782608
mt0004805505,1.0,1,1.0,0.0,0.0,0.0,0.0,0.0
mt0004836526,1.0,-1,1.0,1.0,1.0,1.0,0.75,0.225
mt0004844832,1.0,-1,1.0,1.0,0.7,1.0,0.7,0.12857142857142856
mt0004850406,1.0,1,1.0,0.26666666666666666,0.14285714285714285,0.14285714285714285,0.14285714285714285,0.06153846153846154
mt0004861138,1.0,-1,1.0,1.0,0.5,1.0,1.0,0.25
mt0004864453,1.0,-1,1.0,1.0,0.14285714285714285,1.0,0.14285714285714285,0.12857142857142856
mt0004910983,1.0,-1,1.0,1.0,1.0,0.11428571428571428,0.26666666666666666,0.0
mt0004943985,1.0,-1,1.0,0.4,0.2,0.2,0.2,0.07142857142857142
mt0004963809,1.0,1,1.0,0.11428571428571428,0.26666666666666666,0.11428571428571428,0.18000000000000002,0.06153846153846154
mt0004982192,1.0,-1,1.0,1.0,1.0,1.0,0.4,0.12857142857142856
mt0005009443,1.0,-1,1.0,1.0,0.1,0.08888888888888889,0.08888888888888889,0.021739130434782608
mt0005033429,1.0,-1,1.0,1.0,1.0,1.0,1.0,0.12857142857142856
mt0005044119,1.0,1,1.0,1.0,0.5,0.5,0.5,0.06153846153846154
mt0005064430,1.0,1,1.0,1.0,0.75,1.0,0.75,0.06153846153846154
mt0005103598,1.0,-1,0.19200000000000003,0.32,0.13714285714285712,0.32,1.0,0.09600000000000002
mt0005134466,1.0,-1,1.0,1.0,0.26666666666666666,0.2571428571428571,0.18000000000000002,0.225
mt0005142001,1.0,1,1.0,1.0,0.5,1.0,0.5,0.02702702702702703
mt0005189820,1.0,-1,0.45,0.26666666666666666,0.09000000000000001,1.0,0.06818181818181818,0.1
mt0005198745,1.0,1,1.0,0.06428571428571428,0.1,0.06,0.04,0.016
mt0005223794,0.6,-1,0.6,0.54,0.27,0.27,0.27,0.06153846153846154
mt0005241287,1.0,1,1.0,0.26666666666666666,0.13333333333333333,0.13333333333333333,0.13333333333333333,0.225
mt0005344437,1.0,1,1.0,1.0,0.5,0.5,0.5,0.06153846153846154
mt0005404111,1.0,1,1.0,0.3,0.7,0.8,0.7,0.35
mt0005507880,1.0,-1,0.6,1.0,0.5,0.5,0.5,0.1
mt0005519111,0.625,-1,0.25,0.09000000000000001,0.0,0.1125,0.0,0.0
mt0005540184,1.0,-1,1.0,1.0,1.0,1.0,1.0,1.0
mt0005567133,1.0,-1,1.0,1.0,1.0,0.9,0.7,0.19999999999999998
mt0005592810,1.0,1,1.0,1.0,1.0,0.75,0.75,0.06153846153846154
mt0005638160,1.0,1,1.0,1.0,0.04736842105263158,1.0,0.04090909090909091,0.0
mt0005669153,1.0,-1,0.3,1.0,0.5,0.5,0.5,0.19999999999999998
mt0005715715,1.0,1,1.0,0.26666666666666666,0.12631578947368421,0.26666666666666666,0.26666666666666666,0.07142857142857142
mt0005725657,1.0,-1,1.0,1.0,0.9,0.9,0.7,0.04285714285714286
mt0005826176,0.18,-1,0.0,0.18,0.0675,0.18,0.18,0.0
mt0005860700,1.0,1,1.0,1.0,0.1,0.3,0.04736842105263158,0.06153846153846154
mt0005941425,1.0,-1,1.0,1.0,0.39999999999999997,1.0,0.18,0.18
mt0005947736,1.0,1,1.0,0.14814814814814814,0.037037037037037035,0.16666666666666666,0.0,0.09000000000000001
mt0006005146,1.0,-1,0.26666666666666666,1.0,0.06,1.0,0.12857142857142856,0.23999999999999996
mt0006007936,1.0,1,1.0,1.0,1.0,1.0,0.4,0.26666666666666666
mt0006039798,1.0,1,1.0,1.0,0.7,0.8,0.7,0.09090909090909091
mt0006044445,0.8,1,0.8,0.0,0.0,0.0,0.0,0.125
mt0006078896,1.0,-1,0.18181818181818182,0.8,0.4,1.0,0.8,0.225
mt0006115121,0.50625,-1,0.26666666666666666,0.26666666666666666,0.06461538461538462,0.1125,0.07384615384615385,0.0
mt0006137300,0.72,-1,0.26666666666666666,0.72,0.14285714285714285,0.25,0.14285714285714285,0.02702702702702703
mt0006188933,1.0,-1,1.0,1.0,0.9,0.9,0.7,0.06153846153846154
mt0006196650,1.0,-1,1.0,0.26666666666666666,0.13333333333333333,0.13333333333333333,0.12857142857142856,0.06153846153846154
mt0006256204,1.0,-1,1.0,1.0,0.21600000000000003,1.0,0.18461538461538463,0.23999999999999996
mt0006356406,1.0,-1,1.0,1.0,0.2,0.1111111111111111,0.1111111111111111,0.06363636363636363
mt0006409530,1.0,-1,0.9,1.0,0.9,1.0,0.7,0.19999999999999998
mt0006431184,1.0,1,1.0,1.0,0.9,0.9,0.7,0.0
mt0006431807,1.0,-1,0.8,0.8,0.9,0.9,1.0,0.1125
mt0006514225,1.0,-1,1.0,1.0,0.12857142857142856,1.0,0.12857142857142856,0.12857142857142856
mt0006522591,1.0,1,1.0,1.0,0.225,1.0,0.24,0.0
mt0006536592,1.0,1,1.0,0.26666666666666666,0.3333333333333333,0.2571428571428571,0.08888888888888889,0.06153846153846154
mt0006553309,0.0,0,0.0,0.0,0.0,0.0,0.0,0.0
mt0006683875,1.0,-1,1.0,1.0,0.2,1.0,0.12857142857142856,0.02702702702702703
mt0006755411,1.0,1,1.0,0.15,0.1,0.15,0.15,0.0
mt0006795758,1.0,-1,0.36,1.0,1.0,1.0,1.0,0.32
mt0006843007,1.0,1,1.0,0.19999999999999998,0.12857142857142856,1.0,0.08888888888888889,0.12857142857142856
mt0006876450,1.0,-1,0.09999999999999999,1.0,0.7,1.0,0.7,0.03225806451612903
mt0006879985,1.0,-1,1.0,1.0,1.0,1.0,1.0,0.144
mt0006914583,1.0,-1,1.0,1.0,0.21176470588235297,1.0,0.1588235294117647,0.15
mt0006929157,1.0,-1,1.0,1.0,1.0,0.30857142857142855,1.0,0.15428571428571428
mt0006937715,1.0,-1,1.0,1.0,0.9,0.9,0.7,0.06153846153846154
mt0007072562,1.0,-1,0.30434782608695654,0.26666666666666666,0.11428571428571428,0.2571428571428571,1.0,0.1125
mt0007075838,1.0,-1,1.0,0.19200000000000003,0.18,0.13999999999999999,0.09600000000000002,0.06352941176470588
mt0007127869,1.0,-1,1.0,1.0,1.0,1.0,0.25,0.06153846153846154
mt0007136180,1.0,1,1.0,0.26666666666666666,0.06666666666666667,0.32,0.06857142857142856,0.18
mt0007164275,1.0,-1,1.0,0.4,0.5,0.4,0.4,0.18
mt0007177899,1.0,-1,1.0,1.0,0.225,0.25,0.175,0.075
mt0007199330,1.0,-1,1.0,1.0,0.08307692307692308,1.0,0.11999999999999998,0.07384615384615385
mt0007210245,1.0,-1,0.18461538461538463,0.3333333333333333,0.225,0.3,1.0,0.16666666666666666
mt0007284655,1.0,1,1.0,0.09999999999999999,1.0,0.2571428571428571,0.08888888888888889,0.06153846153846154
mt0007350911,1.0,1,1.0,1.0,0.2,1.0,0.4,0.4
mt0007390015,1.0,1,1.0,0.26666666666666666,0.12857142857142856,1.0,0.16666666666666666,0.12857142857142856
mt0007401605,1.0,-1,0.3333333333333333,1.0,0.3,1.0,0.5,0.225
mt0007412399,1.0,-1,1.0,1.0,1.0,0.1125,1.0,0.06153846153846154
mt0007419064,0.45,-1,0.26666666666666666,0.26666666666666666,0.1111111111111111,0.058823529411764705,0.05,0.09000000000000001
mt0007421674,1.0,-1,1.0,1.0,1.0,1.0,1.0,1.0
mt0007433643,1.0,1,1.0,1.0,0.08000000000000002,0.15,0.15,0.09000000000000001
mt0007508173,1.0,1,1.0,0.16666666666666666,0.3,1.0,0.0625,0.16666666666666666
mt0007644103,1.0,1,1.0,0.06923076923076923,0.22857142857142856,0.11428571428571428,0.08888888888888889,0.06153846153846154
mt0007656256,1.0,-1,1.0,1.0,0.225,0.225,0.175,0.225
mt0007730975,0.6,1,0.26666666666666666,0.13333333333333333,0.06666666666666667,0.06666666666666667,0.06666666666666667,0.06153846153846154
mt0007795217,1.0,-1,1.0,1.0,0.21176470588235297,0.2571428571428571,0.1588235294117647,0.07142857142857142
mt0007805279,1.0,1,1.0,1.0,1.0,0.2571428571428571,1.0,0.12857142857142856
mt0007859380,1.0,-1,1.0,0.26666666666666666,0.7,0.8,0.7,0.06153846153846154
mt0007868583,1.0,1,1.0,0.19999999999999998,0.13333333333333333,1.0,0.06666666666666667,1.0
mt0007886392,1.0,1,1.0,0.14814814814814814,0.06923076923076923,0.0,0.09999999999999999,0.06153846153846154
mt0007983016,1.0,-1,0.3,1.0,0.075,0.25,0.0625,0.1125
mt0008029439,1.0,1,1.0,0.35294117647058826,0.14117647058823532,0.225,0.10588235294117647,0.2
mt0008046899,1.0,1,1.0,1.0,1.0,0.5,0.5,0.09090909090909091
mt0008105399,1.0,1,1.0,1.0,0.1,1.0,0.25,1.0
mt0008113039,1.0,1,1.0,1.0,0.19999999999999998,1.0,1.0,0.1
mt0008131425,1.0,1,1.0,1.0,0.09999999999999999,0.15,0.15,0.12857142857142856
mt0008147388,1.0,-1,1.0,1.0,0.08421052631578947,1.0,0.225,0.06153846153846154
mt0008149831,1.0,-1,1.0,1.0,0.6666666666666666,1.0,0.13333333333333333,0.12857142857142856
mt0008154135,1.0,-1,1.0,1.0,0.18000000000000002,0.18000000000000002,0.13999999999999999,0.12857142857142856
mt0008236217,1.0,1,1.0,1.0,0.21176470588235297,0.30000000000000004,0.30000000000000004,0.0
mt0008279825,1.0,-1,1.0,1.0,0.9,0.9,0.7,0.06153846153846154
mt0008308461,1.0,1,1.0,1.0,0.7,0.8,0.7,0.07142857142857142
mt0008350331,1.0,-1,1.0,1.0,0.125,1.0,0.15,0.125
mt0008352590,1.0,-1,1.0,1.0,1.0,0.9,1.0,0.32
mt0008375464,1.0,1,1.0,1.0,0.26666666666666666,0.2571428571428571,0.05,0.02702702702702703
mt0008385501,1.0,-1,0.4,1.0,1.0,1.0,0.4,0.35
mt0008394478,1.0,1,1.0,0.8,0.9,0.9,0.7,0.19999999999999998
mt0008408635,0.4444444444444444,-1,0.1111111111111111,0.2,0.0,0.09999999999999999,0.0,0.08888888888888889
mt0008421113,1.0,-1,0.26666666666666666,1.0,1.0,0.6666666666666666,1.0,1.0
mt0008445371,1.0,1,1.0,0.125,0.0,0.125,0.01875,1.0
mt0008518738,1.0,-1,1.0,1.0,0.9,1.0,0.7,0.016
mt0008537015,1.0,1,1.0,0.3333333333333333,0.1,0.09411764705882353,0.08333333333333333,0.0
mt0008602863,1.0,-1,1.0,1.0,1.0,0.7999999999999999,1.0,0.27
mt0008632122,0.45,1,0.26666666666666666,0.26666666666666666,0.13333333333333333,0.13333333333333333,0.13333333333333333,0.11666666666666665
mt0008690776,1.0,1,1.0,1.0,0.225,1.0,0.175,0.06153846153846154
mt0008734186,1.0,-1,1.0,1.0,0.45,1.0,0.06666666666666667,0.2333333333333333
mt0008734289,1.0,1,1.0,0.3333333333333333,0.3,0.3,0.13333333333333333,0.0
mt0008737859,1.0,1,1.0,1.0,0.5,0.5,0.5,0.0
mt0008813307,1.0,1,1.0,1.0,0.5,0.5,0.5,0.13333333333333333
mt0008813309,1.0,1,1.0,0.14814814814814814,0.09000000000000001,0.09000000000000001,0.08888888888888889,0.052941176470588235
mt0008830058,1.0,-1,1.0,1.0,0.9,0.9,0.7,0.06153846153846154
mt0008830314,0.6,1,0.6,0.15,0.14285714285714285,0.2571428571428571,0.14285714285714285,0.02702702702702703
mt0008847144,1.0,-1,1.0,1.0,1.0,1.0,1.0,0.32000000000000006
mt0008863436,1.0,-1,0.26666666666666666,1.0,0.08888888888888889,1.0,0.12857142857142856,0.08888888888888889
mt0008869963,1.0,1,1.0,0.15,0.06923076923076923,0.15,0.15,0.06153846153846154
mt0008882630,1.0,-1,1.0,1.0,0.14285714285714285,1.0,0.75,0.4
mt0008891523,1.0,-1,1.0,1.0,0.75,1.0,0.75,0.016
mt0008953247,1.0,-1,1.0,1.0,0.5,0.5,0.5,0.12857142857142856
mt0008963540,1.0,-1,1.0,1.0,0.09000000000000001,0.08181818181818182,0.05,0.09000000000000001
mt0008969183,1.0,1,1.0,1.0,0.5,1.0,0.5,0.12857142857142856
mt0008990167,1.0,1,1.0,1.0,0.5,0.5,0.5,0.06153846153846154
mt0009005900,1.0,-1,0.3,1.0,0.11428571428571428,0.26666666666666666,0.26666666666666666,0.06153846153846154
mt0009060419,1.0,-1,1.0,1.0,0.12857142857142856,1.0,0.2,0.19999999999999998
mt0009153900,1.0,1,1.0,1.0,0.5,0.5,0.5,0.06153846153846154
mt0009164591,0.9,1,0.9,0.8,0.4,0.4,0.4,0.13333333333333333
mt0009174874,1.0,-1,0.8,1.0,1.0,1.0,0.7,0.12857142857142856
mt0009206381,1.0,-1,1.0,1.0,1.0,0.9,0.7,0.12857142857142856
mt0009233872,1.0,1,1.0,0.64,0.32,0.32,0.32,1.0
mt0009239443,1.0,1,1.0,1.0,1.0,0.8,0.8,0.19999999999999998
mt0009263768,1.0,-1,1.0,1.0,0.5,0.5,0.5,0.3333333333333333
mt0009300582,0.26666666666666666,-1,0.26666666666666666,0.26666666666666666,0.045454545454545456,0.09411764705882353,0.06666666666666667,0.0
mt0009311775,1.0,1,1.0,1.0,0.12857142857142856,0.1125,0.05555555555555555,0.12857142857142856
mt0009312856,0.6470588235294118,-1,0.26666666666666666,0.26666666666666666,0.125,0.125,0.2,0.06153846153846154
mt0009320357,1.0,-1,1.0,1.0,0.9,1.0,0.2,0.8
mt0009321428,1.0,1,1.0,0.26666666666666666,0.4,0.03684210526315789,0.0,0.1
mt0009360971,1.0,-1,1.0,1.0,1.0,0.75,0.75,0.06153846153846154
mt0009392584,1.0,-1,1.0,1.0,1.0,1.0,0.7,0.35
mt0009495280,1.0,-1,0.26666666666666666,0.26666666666666666,0.13333333333333333,0.16666666666666666,0.13333333333333333,0.1
mt0009495283,1.0,-1,1.0,0.3333333333333333,0.13333333333333333,0.8888888888888888,0.13333333333333333,1.0
mt0009495284,1.0,-1,1.0,1.0,0.5,0.5,0.5,0.1
mt0009495285,0.9,-1,0.8,0.8,0.9,0.9,0.7,0.06153846153846154
mt0009577134,1.0,-1,1.0,1.0,0.16666666666666666,1.0,1.0,0.15
mt0009781899,1.0,-1,0.8,1.0,0.9,0.9,0.7,0.06153846153846154
mt0010007878,0.75,-1,0.26666666666666666,0.26666666666666666,0.13333333333333333,0.13333333333333333,0.13333333333333333,0.0
mt0010007881,1.0,1,1.0,0.26666666666666666,0.06923076923076923,0.15,0.15,0.06153846153846154
mt0010007882,1.0,-1,0.15,0.16000000000000003,0.07692307692307693,1.0,0.06153846153846154,0.0
mt0010065680,1.0,1,1.0,0.26666666666666666,0.175,0.26666666666666666,0.26666666666666666,0.2
mt0010100277,1.0,-1,0.13636363636363635,1.0,0.16000000000000003,0.4,0.4,0.06153846153846154
mt0010100278,0.625,-1,0.06153846153846154,0.25,0.125,0.14285714285714285,0.14285714285714285,0.06153846153846154
mt0010100279,1.0,-1,0.6,1.0,0.06923076923076923,1.0,0.1,0.225
mt0010100283,1.0,-1,1.0,1.0,0.7,0.8,0.7,0.12857142857142856
mt0010100285,1.0,-1,1.0,0.8,1.0,0.4,0.4,0.06153846153846154
mt0010100324,1.0,1,1.0,0.3333333333333333,0.4,0.07692307692307693,0.4,0.02592592592592592
mt0010100333,1.0,1,1.0,0.26666666666666666,0.09999999999999999,0.26666666666666666,0.26666666666666666,0.0
mt0010261588,1.0,1,1.0,0.26666666666666666,0.1111111111111111,0.14285714285714285,0.12857142857142856,0.08888888888888889
mt0010290775,1.0,-1,1.0,0.18,0.16,0.18,0.18,0.0
mt0010290785,1.0,-1,0.26666666666666666,1.0,0.12631578947368421,0.12631578947368421,0.09999999999999999,0.0
mt0010290788,1.0,-1,1.0,1.0,0.18000000000000002,1.0,0.16666666666666666,1.0
mt0010305995,1.0,1,1.0,0.26666666666666666,0.06923076923076923,0.0,0.0,0.06153846153846154
mt0010310891,1.0,-1,1.0,1.0,1.0,1.0,1.0,0.44999999999999996
mt0010310894,1.0,1,1.0,1.0,1.0,1.0,0.45,0.12857142857142856
mt0010310897,1.0,-1,1.0,1.0,1.0,1.0,1.0,0.18000000000000002
mt0010310898,1.0,-1,1.0,1.0,1.0,0.54,0.54,0.15428571428571428
mt0010310899,1.0,-1,0.26666666666666666,1.0,0.15,1.0,0.11666666666666665,0.12857142857142856
mt0010368848,0.8,-1,0.3,0.26666666666666666,0.0,0.26666666666666666,0.8,0.1125
mt0010369823,1.0,1,1.0,1.0,1.0,0.4,0.4,0.1
mt0010405928,1.0,-1,0.26666666666666666,1.0,1.0,1.0,0.18181818181818182,0.2857142857142857
mt0010478882,1.0,-1,1.0,0.8,0.9,0.9,0.7,1.0
mt0010480965,1.0,1,1.0,0.6,1.0,0.27,0.27,0.15
mt0010484291,1.0,-1,1.0,1.0,0.5,0.5,0.5,0.021739130434782608
mt0010487366,1.0,1,1.0,1.0,0.13333333333333333,0.15,0.15,0.16666666666666666
mt0010487702,1.0,-1,0.15384615384615385,1.0,0.05833333333333333,1.0,0.25,0.225
mt0010526041,1.0,-1,1.0,1.0,1.0,1.0,0.45,0.06153846153846154
mt0010543277,1.0,-1,1.0,0.4,0.25,0.2571428571428571,0.3333333333333333,0.1
mt0010551970,1.0,-1,1.0,1.0,0.7,1.0,0.7,0.15
mt0010552303,1.0,-1,0.26666666666666666,1.0,0.7,1.0,0.7,0.06153846153846154
mt0010554175,1.0,1,1.0,0.24,0.12,0.054000000000000006,0.041999999999999996,0.02608695652173913
mt0010554620,1.0,-1,1.0,1.0,1.0,1.0,1.0,0.054000000000000006
mt0010570500,1.0,-1,1.0,0.72,0.12857142857142856,0.15,0.10666666666666667,0.12857142857142856
mt0010611876,1.0,-1,1.0,0.3333333333333333,0.45,0.225,0.175,0.052941176470588235
mt0010612023,1.0,1,1.0,0.84,1.0,0.42,1.0,1.0
mt0010616215,1.0,-1,1.0,1.0,1.0,1.0,1.0,0.225
mt0010623104,1.0,-1,1.0,0.4,1.0,0.72,0.72,0.12
mt0010623318,0.26666666666666666,-1,0.25,0.2,0.14285714285714285,0.0380952380952381,0.14285714285714285,0.06153846153846154
mt0010674530,1.0,1,0.26666666666666666,0.26666666666666666,0.13333333333333333,0.13333333333333333,0.13333333333333333,0.15
mt0010674859,1.0,-1,1.0,1.0,0.9,0.9,0.7,0.15
mt0010687397,1.0,-1,0.54,0.7,1.0,1.0,0.08000000000000002,0.225
mt0010694349,1.0,-1,1.0,1.0,1.0,1.0,0.45,0.12857142857142856
mt0010695865,1.0,1,0.5294117647058824,1.0,0.1111111111111111,0.14545454545454548,0.1,0.06153846153846154
mt0010696838,1.0,-1,1.0,1.0,1.0,0.6,0.6,0.27
mt0010699902,1.0,-1,1.0,0.26666666666666666,1.0,0.3333333333333333,0.1714285714285714,0.6666666666666666
mt0010701929,0.9,-1,0.8,0.8,0.9,0.9,0.7,0.09000000000000001
mt0010702370,1.0,-1,1.0,0.54,0.27,0.27,0.27,0.045000000000000005
mt0010704053,1.0,1,1.0,1.0,0.9,1.0,1.0,0.05333333333333334
mt0010705334,1.0,1,1.0,0.135,0.7,0.8,0.7,0.26666666666666666
mt0010723417,1.0,1,1.0,0.3333333333333333,0.25,0.26666666666666666,0.26666666666666666,0.08888888888888889
mt0010741386,1.0,-1,1.0,1.0,1.0,0.9,0.7,0.06153846153846154
mt0010751134,1.0,-1,0.14285714285714285,1.0,0.045454545454545456,0.045454545454545456,0.045454545454545456,0.15
mt0010753520,1.0,-1,1.0,1.0,0.2,0.24000000000000005,0.24000000000000005,0.09000000000000001
mt0010754290,1.0,-1,0.72,1.0,0.6,0.6,0.6,0.15428571428571428
mt0010883435,1.0,1,1.0,1.0,0.9,1.0,0.7,0.06153846153846154
mt0010922381,1.0,-1,0.26666666666666666,0.3333333333333333,1.0,0.11666666666666665,0.11428571428571428,0.13333333333333333
mt0010961352,1.0,-1,1.0,1.0,0.75,1.0,0.03333333333333333,0.19999999999999998
mt0010978213,1.0,-1,1.0,1.0,1.0,1.0,1.0,0.26666666666666666
mt0010983695,1.0,-1,1.0,1.0,1.0,1.0,0.5,0.4
mt0010995725,1.0,1,1.0,1.0,0.9,1.0,1.0,0.16666666666666666
mt0011069243,1.0,-1,0.6,0.3333333333333333,0.09090909090909091,0.11428571428571428,0.18000000000000002,0.15
mt0011162069,1.0,-1,0.3333333333333333,1.0,0.5,0.5,0.5,0.06153846153846154
mt0011204639,1.0,1,1.0,1.0,0.5,0.5,0.5,0.09000000000000001
mt0011353873,1.0,-1,1.0,1.0,0.1,1.0,0.1,1.0
mt0011374266,1.0,-1,0.8,1.0,0.9,0.9,0.7,0.06153846153846154
mt0011378875,1.0,-1,1.0,1.0,1.0,0.09999999999999999,0.05,0.16666666666666666
mt0011387901,1.0,-1,1.0,0.45,1.0,0.45,0.45,0.09090909090909091
mt0011405787,1.0,-1,1.0,0.32,0.0675,0.2571428571428571,0.10666666666666667,0.0857142857142857
mt0011426003,1.0,-1,1.0,1.0,0.96,0.96,0.96,0.32
mt0011438643,1.0,-1,1.0,1.0,1.0,1.0,1.0,0.8
mt0011487003,1.0,-1,0.35294117647058826,1.0,1.0,0.5,0.5,0.06153846153846154
mt0011503204,1.0,-1,0.6,1.0,0.5,0.5,0.5,0.12857142857142856
mt0011558921,1.0,1,1.0,0.14814814814814814,0.14285714285714285,0.14285714285714285,0.14285714285714285,0.1
mt0011594132,1.0,1,1.0,0.5294117647058824,0.21176470588235297,0.2382352941176471,0.1588235294117647,0.06153846153846154
mt0011707340,1.0,-1,1.0,1.0,1.0,1.0,0.84,1.0
mt0011741035,1.0,-1,0.26666666666666666,1.0,0.13333333333333333,0.14285714285714285,0.13333333333333333,0.12857142857142856
mt0011759451,1.0,-1,0.4,0.3333333333333333,0.6666666666666666,0.2571428571428571,0.4,0.35
mt0011767762,0.4909090909090909,-1,0.32,0.32,0.10909090909090909,0.0631578947368421,0.10666666666666667,0.038709677419354833
mt0011772341,1.0,1,1.0,1.0,0.1090909090909091,0.26666666666666666,0.26666666666666666,0.06153846153846154
mt0011800641,1.0,1,1.0,1.0,0.5,0.5,0.5,0.052941176470588235
mt0011808566,1.0,-1,0.6,1.0,0.19999999999999998,0.125,0.2,0.04285714285714286
mt0011815949,1.0,-1,1.0,1.0,0.5,0.5,0.5,0.15
mt0011842354,1.0,1,1.0,0.15,0.14285714285714285,0.15,0.15,0.06153846153846154
mt0011861922,1.0,-1,1.0,0.16666666666666666,0.7,0.8,0.7,0.075
mt0011870505,1.0,-1,0.13636363636363635,1.0,0.06923076923076923,0.1125,0.1,0.06153846153846154
mt0011873776,1.0,1,1.0,0.26666666666666666,0.1,0.26666666666666666,0.26666666666666666,0.12857142857142856
mt0011878109,1.0,-1,1.0,1.0,0.5,0.5,0.5,0.021739130434782608
mt0011897338,1.0,1,1.0,1.0,0.5,0.5,0.5,0.06153846153846154
mt0011904586,1.0,-1,0.8,0.8,0.9,0.9,0.7,0.0
mt0011908732,0.6470588235294118,-1,0.4,0.26666666666666666,0.3,0.3,0.2333333333333333,0.12857142857142856
mt0011909571,1.0,1,1.0,0.11428571428571428,0.11428571428571428,0.2571428571428571,0.08888888888888889,0.05714285714285714
mt0011921060,1.0,-1,1.0,1.0,1.0,1.0,1.0,0.06153846153846154
mt0011924283,1.0,-1,0.6,1.0,0.5,0.5,0.5,0.12857142857142856
mt0011924316,1.0,-1,1.0,1.0,1.0,1.0,0.15,0.19999999999999998
mt0011924930,1.0,1,0.26666666666666666,1.0,0.5,0.5,0.5,0.016
mt0011928183,1.0,1,1.0,0.26666666666666666,0.09000000000000001,0.2857142857142857,0.08888888888888889,0.06153846153846154
mt0011937155,1.0,-1,0.26666666666666666,1.0,0.25,1.0,0.15,0.06363636363636363
mt0011937271,1.0,-1,1.0,1.0,0.3333333333333333,0.5,1.0,0.16666666666666666
mt0011940781,1.0,-1,0.7894736842105263,0.5,0.25,1.0,0.13333333333333333,0.2
mt0011942127,1.0,-1,1.0,1.0,1.0,0.8,0.7,0.12857142857142856
mt0011943335,1.0,-1,0.26666666666666666,0.3333333333333333,0.45,1.0,0.45,0.9
mt0011944405,1.0,-1,1.0,0.54,1.0,0.54,0.54,0.06363636363636363
mt0011945627,1.0,1,1.0,0.3333333333333333,0.1,0.225,0.08888888888888889,0.06153846153846154
mt0011945841,1.0,-1,0.4,1.0,0.35,0.1125,0.4,0.4
mt0011946105,0.25,-1,0.25,0.25,0.16666666666666666,0.125,0.125,0.0
mt0011957377,1.0,-1,1.0,1.0,1.0,1.0,0.26666666666666666,0.4
mt0011961925,1.0,-1,1.0,1.0,0.14285714285714285,0.16000000000000003,0.16000000000000003,0.08000000000000002
mt0011991382,1.0,-1,0.26666666666666666,0.26666666666666666,0.3,0.225,0.175,1.0
mt0012000832,0.26666666666666666,1,0.2,0.06666666666666667,0.03333333333333333,0.03333333333333333,0.03333333333333333,0.021739130434782608
mt0012005920,1.0,1,1.0,0.45,1.0,0.45,0.45,0.12857142857142856
mt0012009054,1.0,-1,1.0,1.0,0.21176470588235297,1.0,0.1588235294117647,0.2857142857142857
mt0012014382,1.0,1,1.0,1.0,0.5,0.5,0.5,0.09000000000000001
mt0012022863,0.26666666666666666,-1,0.26666666666666666,0.26666666666666666,0.14285714285714285,0.13333333333333333,0.14285714285714285,0.0
mt0012028572,1.0,-1,1.0,1.0,1.0,1.0,0.9,0.2
mt0012030545,1.0,-1,1.0,1.0,1.0,1.0,1.0,0.3
mt0012030591,1.0,1,1.0,0.26666666666666666,0.14285714285714285,0.14285714285714285,0.14285714285714285,0.04081632653061224
mt0012031327,1.0,-1,1.0,0.5,1.0,0.2571428571428571,1.0,0.32000000000000006
mt0012033786,1.0,-1,1.0,1.0,1.0,0.2571428571428571,1.0,0.18000000000000002
mt0012034242,1.0,1,1.0,1.0,0.5,0.5,0.5,0.09000000000000001
mt0012034674,1.0,-1,1.0,1.0,1.0,1.0,0.25,1.0
mt0012035583,1.0,-1,1.0,1.0,0.26666666666666666,0.16000000000000003,0.2,0.06153846153846154
mt0012102419,1.0,1,0.8,1.0,0.06923076923076923,0.22499999999999998,0.22499999999999998,0.06153846153846154
mt0012334245,1.0,1,1.0,0.09999999999999999,0.12857142857142856,0.2571428571428571,0.08888888888888889,0.12857142857142856
mt0012438211,1.0,-1,0.2,1.0,1.0,0.225,0.175,0.1
mt0012459878,0.45,1,0.3,0.06153846153846154,0.03076923076923077,0.225,0.03076923076923077,0.06153846153846154
mt0012468115,1.0,-1,0.26666666666666666,1.0,0.225,0.225,0.175,0.0
mt0012477572,1.0,-1,0.26666666666666666,1.0,0.06923076923076923,1.0,0.0,0.1
mt0012494520,1.0,1,1.0,0.2,0.12857142857142856,0.2571428571428571,0.1,0.06153846153846154
mt0012625300,1.0,-1,1.0,1.0,1.0,1.0,1.0,0.07384615384615385
mt0012630337,1.0,-1,1.0,0.24000000000000005,1.0,0.8,0.7,0.225
mt0012639323,1.0,1,1.0,0.8571428571428571,0.14285714285714285,0.7857142857142857,0.2,0.02702702702702703
mt0012666474,1.0,-1,1.0,1.0,0.11428571428571428,0.2571428571428571,0.1111111111111111,0.04
mt0012738934,1.0,-1,1.0,0.14814814814814814,0.6,0.05,1.0,0.0
mt0012784267,1.0,-1,1.0,1.0,1.0,1.0,1.0,1.0
mt0012809291,1.0,-1,0.45,1.0,0.5,0.5,0.5,0.0
mt0012811141,1.0,1,1.0,1.0,0.2,0.07692307692307693,0.04736842105263158,0.016
mt0012823048,0.6,1,0.3333333333333333,0.26666666666666666,0.13333333333333333,0.13999999999999999,0.13333333333333333,0.0
mt0012844418,1.0,1,1.0,0.26666666666666666,0.13333333333333333,0.26666666666666666,0.13333333333333333,0.15
mt0012863101,1.0,-1,1.0,1.0,0.9,1.0,0.75,0.8
mt0012930833,1.0,-1,1.0,1.0,1.0,0.5,1.0,0.06153846153846154
mt0012988776,1.0,1,1.0,1.0,0.7142857142857143,0.125,0.14285714285714285,0.06153846153846154
mt0013058008,1.0,-1,1.0,1.0,0.16666666666666666,0.9,0.12857142857142856,0.08888888888888889
mt0013070871,1.0,-1,1.0,1.0,0.14285714285714285,0.09411764705882353,0.14285714285714285,0.0
mt0013101577,1.0,1,1.0,0.125,0.1,0.125,0.06,0.0
mt0013105517,1.0,1,1.0,0.3333333333333333,0.7,0.8,0.7,0.0
mt0013148928,1.0,-1,1.0,1.0,0.84,0.96,0.84,0.26666666666666666
mt0013186132,1.0,1,1.0,1.0,0.1111111111111111,1.0,0.12857142857142856,0.08888888888888889
mt0013201347,1.0,1,1.0,0.26666666666666666,0.13333333333333333,0.13333333333333333,0.13333333333333333,0.0
mt0013236693,1.0,-1,1.0,1.0,0.5,0.7857142857142857,0.5,0.09090909090909091
mt0013425007,1.0,-1,1.0,1.0,0.2,0.22857142857142856,0.16666666666666666,0.12
mt0013427388,1.0,1,1.0,1.0,0.225,0.26666666666666666,0.26666666666666666,1.0
mt0013430944,1.0,-1,1.0,1.0,1.0,0.2571428571428571,0.045000000000000005,0.19999999999999998
mt0013458428,1.0,-1,1.0,1.0,0.1,0.11428571428571428,0.05,0.225
mt0013524535,1.0,-1,1.0,1.0,1.0,1.0,1.0,0.16666666666666666
mt0013602925,1.0,1,1.0,1.0,1.0,1.0,0.54,0.96
mt0013610638,1.0,-1,1.0,1.0,1.0,1.0,0.26666666666666666,1.0
mt0013613711,1.0,1,1.0,1.0,1.0,1.0,0.13333333333333333,0.19999999999999998
mt0013658337,1.0,1,1.0,1.0,0.9,0.9,0.7,0.06153846153846154
mt0013666337,1.0,-1,1.0,1.0,0.11428571428571428,0.2571428571428571,0.0,0.06153846153846154
mt0013751364,1.0,-1,1.0,0.6,1.0,0.7999999999999999,1.0,1.0
mt0013752990,1.0,-1,1.0,1.0,1.0,0.30857142857142855,0.3,1.0
mt0013795989,1.0,-1,1.0,0.8,1.0,0.8,0.45,0.11666666666666665
mt0013805035,1.0,1,1.0,0.26666666666666666,0.09090909090909091,0.09000000000000001,0.08888888888888889,0.16666666666666666
mt0013868618,1.0,-1,1.0,0.26666666666666666,0.14285714285714285,0.14285714285714285,0.14285714285714285,0.06153846153846154
mt0013906090,0.8,1,0.8,0.26666666666666666,0.13333333333333333,0.13333333333333333,0.13333333333333333,0.02702702702702703
mt0013921881,1.0,-1,1.0,1.0,1.0,0.9,1.0,1.0
mt0013924254,1.0,-1,1.0,1.0,0.5,0.4,0.6,0.12857142857142856
mt0013930651,1.0,1,1.0,0.4,0.10909090909090909,0.09411764705882353,0.24,0.032432432432432434
mt0014005525,1.0,-1,1.0,1.0,1.0,0.96,0.84,0.32
mt0014097994,1.0,-1,0.26666666666666666,1.0,1.0,1.0,0.05999999999999999,0.0
mt0014170517,1.0,-1,1.0,1.0,0.6,1.0,1.0,0.23999999999999996
mt0014177219,1.0,-1,1.0,0.48,1.0,0.96,0.96,0.10666666666666667
mt0014581361,1.0,-1,0.26666666666666666,1.0,1.0,1.0,0.5,0.2
mt0014594482,1.0,-1,1.0,1.0,1.0,0.8,0.7,0.19999999999999998
mt0014664637,0.8,-1,0.3333333333333333,0.35294117647058826,0.25,0.21428571428571427,0.15,0.3
mt0014693814,1.0,-1,1.0,1.0,0.5,0.5,0.5,0.225
mt0014829611,1.0,1,1.0,1.0,0.1,0.125,0.09999999999999999,0.06153846153846154
mt0014884525,1.0,-1,1.0,0.26666666666666666,0.7894736842105263,1.0,0.4,0.08181818181818182
mt0014948707,1.0,-1,1.0,0.5,1.0,0.2571428571428571,1.0,0.06153846153846154
mt0014964772,1.0,-1,1.0,1.0,1.0,1.0,1.0,0.26666666666666666
mt0014974957,1.0,1,1.0,0.8,1.0,0.4,1.0,0.06153846153846154
mt0014980594,1.0,1,1.0,0.8,1.0,0.4,0.4,0.2333333333333333
mt0014998906,1.0,1,0.8,0.8,0.4,0.4,0.4,0.06153846153846154
mt0015506396,1.0,-1,0.26666666666666666,1.0,1.0,0.2,0.2,0.15
mt0015511866,1.0,-1,1.0,0.3,0.13333333333333333,0.3,0.18000000000000002,0.15
mt0015694671,1.0,1,1.0,1.0,0.5,0.5,0.5,0.3
mt0015889071,1.0,-1,0.32,1.0,1.0,1.0,0.84,0.19999999999999998
mt0015940634,1.0,-1,0.6666666666666666,1.0,0.16000000000000003,1.0,0.16000000000000003,1.0
mt0016770768,1.0,1,1.0,1.0,0.14285714285714285,0.16000000000000003,0.16000000000000003,0.11666666666666665
mt0016918508,1.0,-1,1.0,1.0,1.0,1.0,1.0,1.0
mt0016971741,1.0,-1,1.0,1.0,0.75,0.75,0.75,1.0
mt0017971951,1.0,-1,0.6666666666666666,1.0,0.7,1.0,0.7,0.3
mt0018216077,1.0,-1,0.3,1.0,1.0,0.7857142857142857,0.047619047619047616,0.18000000000000002
mt0020034314,0.75,-1,0.06923076923076923,0.75,0.1,0.1,0.1,0.06153846153846154
mt0026519497,1.0,-1,1.0,1.0,1.0,0.15882352941176472,1.0,0.2
mt0026624084,1.0,1,1.0,0.9,1.0,0.13333333333333333,0.54,0.0
mt0026625063,1.0,-1,0.32000000000000006,0.26666666666666666,1.0,0.8,0.7,0.32000000000000006
mt0026805049,1.0,-1,1.0,1.0,0.5,0.5,0.5,0.06153846153846154
mt0026953217,1.0,-1,1.0,1.0,0.9,0.9,0.7,0.16666666666666666
mt0026971941,1.0,1,1.0,0.36000000000000004,0.11428571428571428,0.2571428571428571,0.1,1.0
mt0026985012,1.0,-1,0.5,1.0,1.0,0.2571428571428571,1.0,0.26666666666666666
mt0026987140,1.0,-1,1.0,0.26666666666666666,1.0,0.2571428571428571,1.0,0.075
mt0026999750,1.0,-1,1.0,0.3333333333333333,0.14285714285714285,0.26666666666666666,0.9,0.1
mt0027032503,1.0,-1,0.54,1.0,1.0,1.0,0.13999999999999999,0.225
mt0027072382,1.0,-1,1.0,1.0,0.5,0.5,0.5,0.12857142857142856
mt0027142171,0.391304347826087,-1,0.11739130434782609,0.06923076923076923,0.09090909090909091,0.25,0.05,0.19999999999999998
mt0027149420,0.4444444444444444,-1,0.32,0.32,0.4,0.30857142857142855,0.1714285714285714,0.12857142857142856
mt0027317557,1.0,-1,1.0,0.2,1.0,0.2571428571428571,1.0,0.26666666666666666
mt0027535695,1.0,-1,1.0,0.7,0.9,0.9,0.175,0.8
mt0027963341,1.0,-1,1.0,0.4,0.25,0.2571428571428571,0.3333333333333333,0.1
mt0028081047,0.8999999999999999,-1,0.26666666666666666,0.26666666666666666,0.4,0.27,0.27,0.23999999999999996
mt0028241237,1.0,1,1.0,1.0,0.12857142857142856,1.0,0.16000000000000003,0.3
mt0028359933,1.0,-1,1.0,0.26666666666666666,0.1,0.125,0.2,0.06153846153846154
mt0028372740,1.0,-1,1.0,1.0,0.7,0.8,1.0,0.06153846153846154
mt0028444679,1.0,-1,1.0,1.0,1.0,0.5,0.5,0.15
mt0028471202,1.0,-1,1.0,1.0,1.0,1.0,1.0,0.19999999999999998
mt0028577577,1.0,-1,1.0,1.0,1.0,1.0,1.0,0.144
mt0028577920,1.0,-1,1.0,1.0,1.0,0.21428571428571427,0.042105263157894736,0.07142857142857142
mt0028617797,1.0,-1,1.0,1.0,0.44999999999999996,1.0,0.16000000000000003,0.16666666666666666
mt0028620567,1.0,-1,1.0,0.225,1.0,0.13999999999999999,0.045000000000000005,0.225
mt0028703201,1.0,-1,1.0,1.0,1.0,1.0,1.0,0.3
mt0028754256,1.0,-1,0.26666666666666666,1.0,1.0,1.0,0.39999999999999997,1.0
mt0028772639,1.0,1,1.0,1.0,1.0,1.0,0.4,0.06153846153846154
mt0028782832,1.0,-1,0.9,1.0,1.0,1.0,0.4,0.07384615384615385
mt0028798040,1.0,-1,0.72,1.0,1.0,0.75,0.75,0.06153846153846154
mt0028810869,1.0,-1,0.8,0.8,1.0,0.9,0.7,0.19999999999999998
mt0028813190,1.0,-1,0.2,1.0,1.0,1.0,0.2,0.052941176470588235
mt0029033727,1.0,-1,0.2,0.8571428571428571,1.0,0.8,0.4,0.052941176470588235
mt0029143372,1.0,-1,0.2571428571428571,1.0,0.5,0.5,0.75,0.0
mt0029174947,1.0,-1,1.0,1.0,1.0,1.0,0.5,0.12857142857142856
mt0029196396,1.0,-1,0.25,1.0,0.7,0.8,0.7,0.04081632653061224
mt0029990383,1.0,1,0.8,0.11428571428571428,0.2,0.0,0.0,0.11428571428571428
mt0030597498,1.0,1,1.0,0.26666666666666666,0.0,0.11428571428571428,0.15,0.11666666666666665
mt0031593348,1.0,1,1.0,0.35294117647058826,0.14117647058823532,0.3333333333333333,0.10588235294117647,0.1
mt0032048707,1.0,-1,0.30434782608695654,0.3,0.3333333333333333,1.0,1.0,0.06153846153846154
mt0032682675,1.0,1,1.0,0.2,0.1,0.058823529411764705,0.06666666666666667,1.0
mt0033262547,1.0,-1,0.26666666666666666,1.0,0.05833333333333333,1.0,0.9,0.02702702702702703
mt0033391277,1.0,-1,1.0,1.0,0.1,1.0,0.06666666666666667,0.09000000000000001
mt0033733581,0.26666666666666666,1,0.2,0.06666666666666667,0.03333333333333333,0.03333333333333333,0.03333333333333333,0.021739130434782608
mt0033994043,1.0,1,1.0,0.06666666666666667,0.1,0.5,0.0,0.0
mt0034992204,1.0,-1,0.5,1.0,0.5,0.5,0.5,0.09000000000000001
mt0035119161,1.0,-1,1.0,1.0,0.09000000000000001,0.08000000000000002,0.32000000000000006,0.32000000000000006
